type,name,module,path,hash
"yaml","manifest","_config","_config/manifest.yaml","e6e77fe544f1540b4642857ad8ecb8b7690500fbf38ce73bb4918ea481793dd9"
"toml","config","config.toml","config.toml","156147988c92da14ee97a274f6d8b78c6eb342bda18c0c6de4f40aa858113732"
"toml","config.user","config.user.toml","config.user.toml","29448eb59bb069e2022e17db21b8672e531b07530c84e72bdc05a292b331d968"
"csv","brain-methods","core","core/bmad-brainstorming/assets/brain-methods.csv","fff112eabca1a9cb8b190f8314bc47678becc5782a2372e11c83daa0e33b6dfd"
"csv","methods","core","core/bmad-advanced-elicitation/assets/methods.csv","d110ff5f076fb9421552b83692fde2c2d367734049169c7a55f7267a3dc7ef89"
"csv","module-help","core","core/module-help.csv","38846d71f87159345d6a6256a170c142fb3f53d9cf9c258c9ee6f26bd88a86c7"
"html","brain-selector","core","core/bmad-brainstorming/assets/brain-selector.html","c110919a3366bd96061f050f98503e3586185e3d1df5ff8b62a5a046c571a436"
"json","brain-icons","core","core/bmad-brainstorming/assets/brain-icons.json","a101c56e89f1d0f9e4131dfdfc19e10c746e3a61c3f92537d04a6f4897b7d331"
"md","academic-lit","core","core/bmad-deep-recon/types/academic-lit.md","514b0b7b1184cb95363dedeb0c2298a9bf5c430c74146fe2114f31780fadb325"
"md","competitive","core","core/bmad-deep-recon/types/competitive.md","39b53df87d295fdc4388719fcdf31ad2221e64afc136e669207f46d2727a3aec"
"md","converge","core","core/bmad-brainstorming/references/converge.md","1528c32ddc64f8061fec663306f7208d2fd4d4a90e660552b8138bda7e452dc0"
"md","create-party","core","core/bmad-party-mode/references/create-party.md","fb516cf4e66b2c94519b9bb80cf7bd966fee285549c773b402400bff664a2aab"
"md","domain","core","core/bmad-deep-recon/types/domain.md","3a34b2e62c3589f8c8d01158357ee9fba32648c9fdfe70035bb3ca971862896b"
"md","draft","core","core/bmad-deep-recon/references/draft.md","ac19b33a00ca529c3281df6076f87a833a3b11fc30915ca2c6e7590f7986b90e"
"md","editorial-common","core","core/bmad-review/references/editorial-common.md","f0cdc72ea345b2c5dc3001477b3dfcc909ca11b78f7db8865b6763d18ffc66c8"
"md","finalize","core","core/bmad-brainstorming/references/finalize.md","b6074e7fb4d86ffcf899abc50b9049b4a1f6fe550917f4be7a1c7a888477e07e"
"md","finalize","core","core/bmad-deep-recon/references/finalize.md","d2ba4bee615dfbca6e7725179fb5ebd856dd34a54ba3f306e25255dfd7b1d126"
"md","headless","core","core/bmad-brainstorming/references/headless.md","b8ea5951199cff7e4813e06aef35683ca0658230fa015e358cacc466b1138a42"
"md","html-briefing","core","core/bmad-deep-recon/references/html-briefing.md","cd3a88c1a5505fa7f1b715afc3adb34f3d64ade66f4c6b49a59f7e8cfcbe38d4"
"md","in-chat-techniques","core","core/bmad-brainstorming/references/in-chat-techniques.md","18239464e3e4f00ea9063d015d26d6b0a696b72e7e3c5be92352da6db9a3f244"
"md","lens-adversarial","core","core/bmad-review/references/lens-adversarial.md","7c5ce97ab2f3ecb96ceb6aa76417f68c1b7df535edd3cc51666d8e1216e6e557"
"md","lens-edge-case-hunter","core","core/bmad-review/references/lens-edge-case-hunter.md","5f0c4778d7b393d11156af8c1bd9bf88aafeb9d50fff5f460ca67df50d927e7d"
"md","lens-prose","core","core/bmad-review/references/lens-prose.md","4cbcb1eaea8567d272f5db7c6cdfd74ed5a8aae6831053cb2f01cbfc2cb98b98"
"md","lens-structure","core","core/bmad-review/references/lens-structure.md","98c08221f517133e57ef6325013935360c3365ebd7dcb8411b2050d7df507ee3"
"md","lens-verification-gap","core","core/bmad-review/references/lens-verification-gap.md","e7123d81171eeeee1b3782d13d94c2988969fe357dd71949131a5eb97803e2c6"
"md","lifecycle","core","core/bmad-deep-recon/references/lifecycle.md","2315fd9cb9223504639616b861ad593bfecb53d605efbd598ae2cf94fb6c4cdf"
"md","market","core","core/bmad-deep-recon/types/market.md","81ac04499da441857672e29fcd7169436a7e239e67194288ac0d526ec514cb5e"
"md","mode-agent-team","core","core/bmad-party-mode/references/mode-agent-team.md","def759a17f4bb45463b68fb74c2b828b0a4241720b2b6cc1c9c611a1016ae9d7"
"md","mode-auto","core","core/bmad-party-mode/references/mode-auto.md","a37fd24f76dfcde385890d5c5947bb6f40ca44bea86c805d267b6ae3aab39f70"
"md","mode-autonomous","core","core/bmad-brainstorming/references/mode-autonomous.md","d815d2c7f0f8cc0cdfa7c619eaf61f59fd78142f13c69365eda257da38b97bdf"
"md","mode-facilitator","core","core/bmad-brainstorming/references/mode-facilitator.md","1b908498d285d190859aed00c3ba5b399d7f6aa8e94d54e95456d15cd6fe6073"
"md","mode-partner","core","core/bmad-brainstorming/references/mode-partner.md","caa0ed378c116def4de382f4e5a95173c6ae6cc5464f1792e7d8196360f79c8a"
"md","mode-subagent","core","core/bmad-party-mode/references/mode-subagent.md","86161b24a0b13b8f9cb9309042e4249d8caefff8cc33728b084cd2ec22f9d2e1"
"md","party-memory","core","core/bmad-party-mode/references/party-memory.md","800b4b4b920bb881a7b32aaabca8559a98273799b2476d83a23e290e301fb315"
"md","process","core","core/bmad-deep-recon/references/process.md","9017d04774807a29103ea97331e555e2793f90098af65752b72f3ee09df85906"
"md","README","core","core/v6-shims/README.md","017900bb03baeddc0262041a6aa85bce744e8c45991dcde32ef042f9bc2a32b2"
"md","research.template","core","core/bmad-deep-recon/assets/research.template.md","87d7cfa85fa5036b5a309b7bfb88f7934f50bb81f3cff02d2b49b4c7345cfc38"
"md","resume","core","core/bmad-brainstorming/references/resume.md","0f79535d72eefe6c55bd5ae47fe4753de8d27235cf129f10b2c596a124c26526"
"md","run","core","core/bmad-deep-recon/references/run.md","8e259dc88820ac989c79620af5c37e24f00df21ac4af308ce3563c0e66c9406c"
"md","selection","core","core/bmad-deep-recon/references/selection.md","2b488c08f9550afe7fda32c2dc5d4591927afd7b9ad507fcce0ae8593c4b9d31"
"md","SKILL","core","core/bmad-advanced-elicitation/SKILL.md","d38cb53f1c7c77f13664c340026a1a4932ae1ca5a24471eebaeb172b88c7942f"
"md","SKILL","core","core/bmad-brainstorming/SKILL.md","2657a2088329651fd06f030e61997fc9f21986588d65ce96f14043af14d8534e"
"md","SKILL","core","core/bmad-customize/SKILL.md","ef42ffe69d1758ee12f22d6c143262926f715dd13fecb874c8a5971916d41598"
"md","SKILL","core","core/bmad-deep-recon/SKILL.md","e6de27d7c037e2951c5684d976186f6772cc724279af4b3cac05e21c42156db5"
"md","SKILL","core","core/bmad-forge-idea/SKILL.md","e44d0008db0c0b30f3fa533e987efe66b2c852530b70fed03f0d4d9cbabe2b4b"
"md","SKILL","core","core/bmad-help/SKILL.md","72573fbbd205cab6119015b7a20951055c7f1f583162674ebed7a68368dc889c"
"md","SKILL","core","core/bmad-party-mode/SKILL.md","7bf82a11627595762244c969cdcc836869c935c5aa99a7c5ec5657581c1f4dd0"
"md","SKILL","core","core/bmad-review/SKILL.md","c571dd7d3aa75f3b40749cf9db352c5e76244de22139cfb13c26629d28be1fa7"
"md","structure-models","core","core/bmad-review/references/structure-models.md","f84f85070e1af75f2482757aba9d37d69d805a20826d185527e598f2ba6b9292"
"md","synthesis","core","core/bmad-deep-recon/references/synthesis.md","4d9ef1247ab45241f919010e94c99699abc0a6e18b5bd68fa93ae54afe59d172"
"md","technical","core","core/bmad-deep-recon/types/technical.md","55f71428c70547b89d67ef0c6cdad59caeb0ee21082cd1230c05618ba8d04707"
"md","user-voice","core","core/bmad-deep-recon/types/user-voice.md","1831ce46e53e8c68244d28e336c5ef9e53e64f21a00b74a817b9b2924c1e8e72"
"md","verification","core","core/bmad-deep-recon/references/verification.md","0393ded4828fec69a4819d7236827910d641d09c3b61144c0211a9a78776fdd2"
"py","brain","core","core/bmad-brainstorming/scripts/brain.py","f81b28fe590f607b95c7218a7cdd6fb6eb91d3a76b9671acf54bcaf36fd4e6ca"
"py","list_customizable_skills","core","core/bmad-customize/scripts/list_customizable_skills.py","8787f542930b927789e7fdf12bc5a67ff08e19865903a5ad05ff2cc8fc426b66"
"py","pick_methods","core","core/bmad-advanced-elicitation/scripts/pick_methods.py","60020ec4767894ea3d8707c4b61e78b679d434315be1dd29154bf64d88126fff"
"py","recon_kit","core","core/bmad-deep-recon/scripts/recon_kit.py","8cb5187b5114b779532907383a013d40fdea1022bb9bed9a23bd8d0fdfa79e8c"
"py","resolve_party","core","core/bmad-party-mode/scripts/resolve_party.py","349d911a194d844e6d885ba8afd9296d7dba6dc87b4071534b31da17ae8ab796"
"py","resolve_personas","core","core/bmad-forge-idea/scripts/resolve_personas.py","9273c71595d6317e0a1035b1a632a47a8943379797d0a4db0d2842e5787c31cc"
"py","test_brain","core","core/bmad-brainstorming/scripts/tests/test_brain.py","b219da8e5e3ccd4ebae95fb02bc5683d6b62593d71db75a712adc7a1b9017bc3"
"py","test_list_customizable_skills","core","core/bmad-customize/scripts/tests/test_list_customizable_skills.py","24c3d384b3b5d490b7335c17866bfe0425af253ce669c32382fa88feb705934d"
"py","test_pick_methods","core","core/bmad-advanced-elicitation/scripts/tests/test_pick_methods.py","610099d8494529f9203d7262567810b500552bcef006b3b6388d58da3da71978"
"py","test_recon_kit","core","core/bmad-deep-recon/scripts/tests/test_recon_kit.py","1b4ddf482dd2d11a214ee2f821c35d7a8c41905b5d8d9cc69a293304bb8a1665"
"py","test_resolve_party","core","core/bmad-party-mode/scripts/tests/test_resolve_party.py","9cc25d2bff884f08517abfbebb7054d43804dc48e650c5c5f7c0618ce231413f"
"py","test_resolve_personas","core","core/bmad-forge-idea/scripts/tests/test_resolve_personas.py","f8d040801d53e48c1aec147d1e28c5b279e459f49ea1fd1673dbd7e340022a99"
"py","test_word_metrics","core","core/bmad-review/scripts/tests/test_word_metrics.py","3b5a285d3c9f611b3cda8c9c1d52d6b214c1f72e6e64a94ea5b0e220db5a8765"
"py","word_metrics","core","core/bmad-review/scripts/word_metrics.py","fb45007a7f3cfc18d13ee8bd4787facdaae297570193bc769456297dd33da78b"
"toml","customize","core","core/bmad-advanced-elicitation/customize.toml","735a276edd51786ccfd2c3417d9a2b9dee4244a6102698981b3888f68d979ed9"
"toml","customize","core","core/bmad-brainstorming/customize.toml","313c3b348473cd40ba02ceae4b299c617300af78debb2f5585c8d3941cc2d8d3"
"toml","customize","core","core/bmad-deep-recon/customize.toml","24d1383066034fd4fcf282279aaf0d29d21910fd1247dfe3dbad74a70e78814d"
"toml","customize","core","core/bmad-forge-idea/customize.toml","839f57b89c8b04038fa795525f55799ee5c23431b17d429fe668880e78399ef2"
"toml","customize","core","core/bmad-party-mode/customize.toml","332aca1a85a681ff38a78850deb552e954d6a7d0b32f8d22caf9b2b2324b4e24"
"toml","customize","core","core/bmad-review/customize.toml","005dde84f09c0b1ab0ef0ee87f1ed1985922c893089cc3595157611fb83b3ebd"
"yaml","config","core","core/config.yaml","525df5b4f52efeb76287efcf56ab95f6ac644304c3a4f67143ba2a7c80dc8cb5"
"file",".gitignore","render","render/.gitignore","240a3e0d37d2e86b614063f5347eb02d4f99ca6c254de6b82871ff8d95532a7d"
"py","config_utils","scripts","scripts/config_utils.py","48afe2bc18a29201e343cce3703be1e70df9c83ee74eeb68e57ef8ef42e8c651"
"py","memlog","scripts","scripts/memlog.py","3b00f82ca33dc4227f715123b939514ee35c4f9c71150c894c3d8185df1b48df"
"py","render_skill","scripts","scripts/render_skill.py","8496d0d8b449d64c21b42a9aab3b13fc8a813a430c0695ffd84ad75bb1da7942"
"py","resolve_config","scripts","scripts/resolve_config.py","70d7577396ed40ab9462ab75dce51f852bc2e094b2d1a054214f1b30c8789768"
"py","resolve_customization","scripts","scripts/resolve_customization.py","c95aab9f2dc500d6ab7db77d6a7860028701ce414e03690613a282cc3659d284"
"cjs","tea-enforce","tea","tea/workflows/testarch/bmad-testarch-framework/resources/hooks/tea-enforce.cjs","f2ede9d399358d8810c660a29590f0c1683f7164bb3199038d26787f8324491c"
"csv","module-help","tea","tea/module-help.csv","7014131eba852fd2017e0f55199abce0b450635738bc4359b41578c92cdda63f"
"csv","tea-index","tea","tea/agents/bmad-tea/resources/tea-index.csv","5fb1e2bbe2c7053135a6281b3535a14b71ac5ba159f763f45f8dc3f0564c2932"
"csv","tea-index","tea","tea/workflows/testarch/bmad-testarch-atdd/resources/tea-index.csv","5fb1e2bbe2c7053135a6281b3535a14b71ac5ba159f763f45f8dc3f0564c2932"
"csv","tea-index","tea","tea/workflows/testarch/bmad-testarch-automate/resources/tea-index.csv","5fb1e2bbe2c7053135a6281b3535a14b71ac5ba159f763f45f8dc3f0564c2932"
"csv","tea-index","tea","tea/workflows/testarch/bmad-testarch-ci/resources/tea-index.csv","5fb1e2bbe2c7053135a6281b3535a14b71ac5ba159f763f45f8dc3f0564c2932"
"csv","tea-index","tea","tea/workflows/testarch/bmad-testarch-framework/resources/tea-index.csv","5fb1e2bbe2c7053135a6281b3535a14b71ac5ba159f763f45f8dc3f0564c2932"
"csv","tea-index","tea","tea/workflows/testarch/bmad-testarch-nfr/resources/tea-index.csv","5fb1e2bbe2c7053135a6281b3535a14b71ac5ba159f763f45f8dc3f0564c2932"
"csv","tea-index","tea","tea/workflows/testarch/bmad-testarch-test-design/resources/tea-index.csv","5fb1e2bbe2c7053135a6281b3535a14b71ac5ba159f763f45f8dc3f0564c2932"
"csv","tea-index","tea","tea/workflows/testarch/bmad-testarch-test-review/resources/tea-index.csv","5fb1e2bbe2c7053135a6281b3535a14b71ac5ba159f763f45f8dc3f0564c2932"
"csv","tea-index","tea","tea/workflows/testarch/bmad-testarch-trace/resources/tea-index.csv","5fb1e2bbe2c7053135a6281b3535a14b71ac5ba159f763f45f8dc3f0564c2932"
"groovy","jenkins-pipeline-template","tea","tea/workflows/testarch/bmad-testarch-ci/jenkins-pipeline-template.groovy","f2b75c5ba3eda7537044909830ca674d794eaa929bcd032fcc2c523709b9bb77"
"json","live-verification-results.example","tea","tea/workflows/testarch/bmad-testarch-trace/resources/live-verification-results.example.json","4e26edafd39607ffce44eb45361b2f7516f4fad67ffcfd810bc00e04e3ccc017"
"md","adr-quality-readiness-checklist","tea","tea/agents/bmad-tea/resources/knowledge/adr-quality-readiness-checklist.md","a8129b16c3b2afbc1f58fe5edc73dc8f1291c172c6ca009d92f1947bef1a237e"
"md","adr-quality-readiness-checklist","tea","tea/workflows/testarch/bmad-testarch-atdd/resources/knowledge/adr-quality-readiness-checklist.md","a8129b16c3b2afbc1f58fe5edc73dc8f1291c172c6ca009d92f1947bef1a237e"
"md","adr-quality-readiness-checklist","tea","tea/workflows/testarch/bmad-testarch-automate/resources/knowledge/adr-quality-readiness-checklist.md","a8129b16c3b2afbc1f58fe5edc73dc8f1291c172c6ca009d92f1947bef1a237e"
"md","adr-quality-readiness-checklist","tea","tea/workflows/testarch/bmad-testarch-ci/resources/knowledge/adr-quality-readiness-checklist.md","a8129b16c3b2afbc1f58fe5edc73dc8f1291c172c6ca009d92f1947bef1a237e"
"md","adr-quality-readiness-checklist","tea","tea/workflows/testarch/bmad-testarch-framework/resources/knowledge/adr-quality-readiness-checklist.md","a8129b16c3b2afbc1f58fe5edc73dc8f1291c172c6ca009d92f1947bef1a237e"
"md","adr-quality-readiness-checklist","tea","tea/workflows/testarch/bmad-testarch-nfr/resources/knowledge/adr-quality-readiness-checklist.md","a8129b16c3b2afbc1f58fe5edc73dc8f1291c172c6ca009d92f1947bef1a237e"
"md","adr-quality-readiness-checklist","tea","tea/workflows/testarch/bmad-testarch-test-design/resources/knowledge/adr-quality-readiness-checklist.md","a8129b16c3b2afbc1f58fe5edc73dc8f1291c172c6ca009d92f1947bef1a237e"
"md","adr-quality-readiness-checklist","tea","tea/workflows/testarch/bmad-testarch-test-review/resources/knowledge/adr-quality-readiness-checklist.md","a8129b16c3b2afbc1f58fe5edc73dc8f1291c172c6ca009d92f1947bef1a237e"
"md","adr-quality-readiness-checklist","tea","tea/workflows/testarch/bmad-testarch-trace/resources/knowledge/adr-quality-readiness-checklist.md","a8129b16c3b2afbc1f58fe5edc73dc8f1291c172c6ca009d92f1947bef1a237e"
"md","api-request","tea","tea/agents/bmad-tea/resources/knowledge/api-request.md","28ef34b911b6d9cde3cb06367ecb6686f893236ed8f67975eaf6737f44f6e698"
"md","api-request","tea","tea/workflows/testarch/bmad-testarch-atdd/resources/knowledge/api-request.md","28ef34b911b6d9cde3cb06367ecb6686f893236ed8f67975eaf6737f44f6e698"
"md","api-request","tea","tea/workflows/testarch/bmad-testarch-automate/resources/knowledge/api-request.md","28ef34b911b6d9cde3cb06367ecb6686f893236ed8f67975eaf6737f44f6e698"
"md","api-request","tea","tea/workflows/testarch/bmad-testarch-ci/resources/knowledge/api-request.md","28ef34b911b6d9cde3cb06367ecb6686f893236ed8f67975eaf6737f44f6e698"
"md","api-request","tea","tea/workflows/testarch/bmad-testarch-framework/resources/knowledge/api-request.md","28ef34b911b6d9cde3cb06367ecb6686f893236ed8f67975eaf6737f44f6e698"
"md","api-request","tea","tea/workflows/testarch/bmad-testarch-nfr/resources/knowledge/api-request.md","28ef34b911b6d9cde3cb06367ecb6686f893236ed8f67975eaf6737f44f6e698"
"md","api-request","tea","tea/workflows/testarch/bmad-testarch-test-design/resources/knowledge/api-request.md","28ef34b911b6d9cde3cb06367ecb6686f893236ed8f67975eaf6737f44f6e698"
"md","api-request","tea","tea/workflows/testarch/bmad-testarch-test-review/resources/knowledge/api-request.md","28ef34b911b6d9cde3cb06367ecb6686f893236ed8f67975eaf6737f44f6e698"
"md","api-request","tea","tea/workflows/testarch/bmad-testarch-trace/resources/knowledge/api-request.md","28ef34b911b6d9cde3cb06367ecb6686f893236ed8f67975eaf6737f44f6e698"
"md","api-testing-patterns","tea","tea/agents/bmad-tea/resources/knowledge/api-testing-patterns.md","5753ac9095991fec29f51f78a4152d7a39b6ba8a80f36f13413a50ef1c19c16d"
"md","api-testing-patterns","tea","tea/workflows/testarch/bmad-testarch-atdd/resources/knowledge/api-testing-patterns.md","5753ac9095991fec29f51f78a4152d7a39b6ba8a80f36f13413a50ef1c19c16d"
"md","api-testing-patterns","tea","tea/workflows/testarch/bmad-testarch-automate/resources/knowledge/api-testing-patterns.md","5753ac9095991fec29f51f78a4152d7a39b6ba8a80f36f13413a50ef1c19c16d"
"md","api-testing-patterns","tea","tea/workflows/testarch/bmad-testarch-ci/resources/knowledge/api-testing-patterns.md","5753ac9095991fec29f51f78a4152d7a39b6ba8a80f36f13413a50ef1c19c16d"
"md","api-testing-patterns","tea","tea/workflows/testarch/bmad-testarch-framework/resources/knowledge/api-testing-patterns.md","5753ac9095991fec29f51f78a4152d7a39b6ba8a80f36f13413a50ef1c19c16d"
"md","api-testing-patterns","tea","tea/workflows/testarch/bmad-testarch-nfr/resources/knowledge/api-testing-patterns.md","5753ac9095991fec29f51f78a4152d7a39b6ba8a80f36f13413a50ef1c19c16d"
"md","api-testing-patterns","tea","tea/workflows/testarch/bmad-testarch-test-design/resources/knowledge/api-testing-patterns.md","5753ac9095991fec29f51f78a4152d7a39b6ba8a80f36f13413a50ef1c19c16d"
"md","api-testing-patterns","tea","tea/workflows/testarch/bmad-testarch-test-review/resources/knowledge/api-testing-patterns.md","5753ac9095991fec29f51f78a4152d7a39b6ba8a80f36f13413a50ef1c19c16d"
"md","api-testing-patterns","tea","tea/workflows/testarch/bmad-testarch-trace/resources/knowledge/api-testing-patterns.md","5753ac9095991fec29f51f78a4152d7a39b6ba8a80f36f13413a50ef1c19c16d"
"md","atdd-checklist-2-4-guest-checkout.example","tea","tea/workflows/testarch/bmad-testarch-atdd/resources/atdd-checklist-2-4-guest-checkout.example.md","d30ba5340fdcdefba14f51ec0d9f86a09340c9f63786fd982aea45b87895d77a"
"md","atdd-checklist-template","tea","tea/workflows/testarch/bmad-testarch-atdd/atdd-checklist-template.md","0e3bf28e90ebed75da01fd5a02101cf535333ddd641871c434c68455bbdeede7"
"md","auth-session","tea","tea/agents/bmad-tea/resources/knowledge/auth-session.md","3b2ba3cdd58cf3decb3d427623ed43e070ff926b1c45abc0e7d0823ea3b85b1f"
"md","auth-session","tea","tea/workflows/testarch/bmad-testarch-atdd/resources/knowledge/auth-session.md","3b2ba3cdd58cf3decb3d427623ed43e070ff926b1c45abc0e7d0823ea3b85b1f"
"md","auth-session","tea","tea/workflows/testarch/bmad-testarch-automate/resources/knowledge/auth-session.md","3b2ba3cdd58cf3decb3d427623ed43e070ff926b1c45abc0e7d0823ea3b85b1f"
"md","auth-session","tea","tea/workflows/testarch/bmad-testarch-ci/resources/knowledge/auth-session.md","3b2ba3cdd58cf3decb3d427623ed43e070ff926b1c45abc0e7d0823ea3b85b1f"
"md","auth-session","tea","tea/workflows/testarch/bmad-testarch-framework/resources/knowledge/auth-session.md","3b2ba3cdd58cf3decb3d427623ed43e070ff926b1c45abc0e7d0823ea3b85b1f"
"md","auth-session","tea","tea/workflows/testarch/bmad-testarch-nfr/resources/knowledge/auth-session.md","3b2ba3cdd58cf3decb3d427623ed43e070ff926b1c45abc0e7d0823ea3b85b1f"
"md","auth-session","tea","tea/workflows/testarch/bmad-testarch-test-design/resources/knowledge/auth-session.md","3b2ba3cdd58cf3decb3d427623ed43e070ff926b1c45abc0e7d0823ea3b85b1f"
"md","auth-session","tea","tea/workflows/testarch/bmad-testarch-test-review/resources/knowledge/auth-session.md","3b2ba3cdd58cf3decb3d427623ed43e070ff926b1c45abc0e7d0823ea3b85b1f"
"md","auth-session","tea","tea/workflows/testarch/bmad-testarch-trace/resources/knowledge/auth-session.md","3b2ba3cdd58cf3decb3d427623ed43e070ff926b1c45abc0e7d0823ea3b85b1f"
"md","automation-summary.example","tea","tea/workflows/testarch/bmad-testarch-automate/resources/automation-summary.example.md","c0b7a5117beeed570adc108be8ebdb59ede11a201616e10512f5ea3c9cc50216"
"md","burn-in","tea","tea/agents/bmad-tea/resources/knowledge/burn-in.md","8c305ebbc87d38c5a2787f2cd52133e43de400ad59b5adc6dd9aeca6ac89cbac"
"md","burn-in","tea","tea/workflows/testarch/bmad-testarch-atdd/resources/knowledge/burn-in.md","8c305ebbc87d38c5a2787f2cd52133e43de400ad59b5adc6dd9aeca6ac89cbac"
"md","burn-in","tea","tea/workflows/testarch/bmad-testarch-automate/resources/knowledge/burn-in.md","8c305ebbc87d38c5a2787f2cd52133e43de400ad59b5adc6dd9aeca6ac89cbac"
"md","burn-in","tea","tea/workflows/testarch/bmad-testarch-ci/resources/knowledge/burn-in.md","8c305ebbc87d38c5a2787f2cd52133e43de400ad59b5adc6dd9aeca6ac89cbac"
"md","burn-in","tea","tea/workflows/testarch/bmad-testarch-framework/resources/knowledge/burn-in.md","8c305ebbc87d38c5a2787f2cd52133e43de400ad59b5adc6dd9aeca6ac89cbac"
"md","burn-in","tea","tea/workflows/testarch/bmad-testarch-nfr/resources/knowledge/burn-in.md","8c305ebbc87d38c5a2787f2cd52133e43de400ad59b5adc6dd9aeca6ac89cbac"
"md","burn-in","tea","tea/workflows/testarch/bmad-testarch-test-design/resources/knowledge/burn-in.md","8c305ebbc87d38c5a2787f2cd52133e43de400ad59b5adc6dd9aeca6ac89cbac"
"md","burn-in","tea","tea/workflows/testarch/bmad-testarch-test-review/resources/knowledge/burn-in.md","8c305ebbc87d38c5a2787f2cd52133e43de400ad59b5adc6dd9aeca6ac89cbac"
"md","burn-in","tea","tea/workflows/testarch/bmad-testarch-trace/resources/knowledge/burn-in.md","8c305ebbc87d38c5a2787f2cd52133e43de400ad59b5adc6dd9aeca6ac89cbac"
"md","checklist","tea","tea/workflows/testarch/bmad-teach-me-testing/checklist.md","43bcd41178249213f634f1963e91949174aec7e7e2d9ce251685c4cd8b7f79b1"
"md","checklist","tea","tea/workflows/testarch/bmad-testarch-atdd/checklist.md","dfea764c01644b805017fdcd8902970dcf85971a56d60cab90366330719e78ee"
"md","checklist","tea","tea/workflows/testarch/bmad-testarch-automate/checklist.md","7d2ff94c027986b274d9ebf02b0606bcbb527937e2bfda7cbd944ff1db5d9d2b"
"md","checklist","tea","tea/workflows/testarch/bmad-testarch-ci/checklist.md","a8b45cb926b53b6e16419db396c6f4c21aafb9a4022698971bcbd8622e805037"
"md","checklist","tea","tea/workflows/testarch/bmad-testarch-framework/checklist.md","f70b1c9492bacf362a103174f155115c1feb61a7afc6fb936e266f09fbad04a8"
"md","checklist","tea","tea/workflows/testarch/bmad-testarch-nfr/checklist.md","4de30966e6539db2336d24119d036854ad2b5c74ddcc6c31b57d8e73c98a22bf"
"md","checklist","tea","tea/workflows/testarch/bmad-testarch-test-design/checklist.md","666de68abb41700cf68604da02f0f674b045b10484515d88079723b09ce0d46b"
"md","checklist","tea","tea/workflows/testarch/bmad-testarch-test-review/checklist.md","25e27a7ec58375b64c6a3e0e3729708737bf2378a4580f6e12391f9a716a3bde"
"md","checklist","tea","tea/workflows/testarch/bmad-testarch-trace/checklist.md","c69b26d0fdadfa2b558d6f5502ac1367a7b1e19a10a407ff710ffcecc7d66f5a"
"md","ci-burn-in","tea","tea/agents/bmad-tea/resources/knowledge/ci-burn-in.md","cc9ca53c62b910872e399ec1d378542e211e70563ddbce9aba84af253e0c74ac"
"md","ci-burn-in","tea","tea/workflows/testarch/bmad-testarch-atdd/resources/knowledge/ci-burn-in.md","cc9ca53c62b910872e399ec1d378542e211e70563ddbce9aba84af253e0c74ac"
"md","ci-burn-in","tea","tea/workflows/testarch/bmad-testarch-automate/resources/knowledge/ci-burn-in.md","cc9ca53c62b910872e399ec1d378542e211e70563ddbce9aba84af253e0c74ac"
"md","ci-burn-in","tea","tea/workflows/testarch/bmad-testarch-ci/resources/knowledge/ci-burn-in.md","cc9ca53c62b910872e399ec1d378542e211e70563ddbce9aba84af253e0c74ac"
"md","ci-burn-in","tea","tea/workflows/testarch/bmad-testarch-framework/resources/knowledge/ci-burn-in.md","cc9ca53c62b910872e399ec1d378542e211e70563ddbce9aba84af253e0c74ac"
"md","ci-burn-in","tea","tea/workflows/testarch/bmad-testarch-nfr/resources/knowledge/ci-burn-in.md","cc9ca53c62b910872e399ec1d378542e211e70563ddbce9aba84af253e0c74ac"
"md","ci-burn-in","tea","tea/workflows/testarch/bmad-testarch-test-design/resources/knowledge/ci-burn-in.md","cc9ca53c62b910872e399ec1d378542e211e70563ddbce9aba84af253e0c74ac"
"md","ci-burn-in","tea","tea/workflows/testarch/bmad-testarch-test-review/resources/knowledge/ci-burn-in.md","cc9ca53c62b910872e399ec1d378542e211e70563ddbce9aba84af253e0c74ac"
"md","ci-burn-in","tea","tea/workflows/testarch/bmad-testarch-trace/resources/knowledge/ci-burn-in.md","cc9ca53c62b910872e399ec1d378542e211e70563ddbce9aba84af253e0c74ac"
"md","ci-pipeline-progress.example","tea","tea/workflows/testarch/bmad-testarch-ci/resources/ci-pipeline-progress.example.md","c72d0a1cf0b1e3d2bad0c239f3c8a0dac2eabe33699efeb29fd787083d88bcf2"
"md","completion-summary-template","tea","tea/workflows/testarch/bmad-teach-me-testing/templates/completion-summary-template.md","4bfc07932b8e8620582cd4b3d36d0e69bcd563c71382fc927adc053830b91c4c"
"md","component-tdd","tea","tea/agents/bmad-tea/resources/knowledge/component-tdd.md","265907160c95c8d7b2e9c05304665b68f3267b817920fff8afb131ec04184edb"
"md","component-tdd","tea","tea/workflows/testarch/bmad-testarch-atdd/resources/knowledge/component-tdd.md","265907160c95c8d7b2e9c05304665b68f3267b817920fff8afb131ec04184edb"
"md","component-tdd","tea","tea/workflows/testarch/bmad-testarch-automate/resources/knowledge/component-tdd.md","265907160c95c8d7b2e9c05304665b68f3267b817920fff8afb131ec04184edb"
"md","component-tdd","tea","tea/workflows/testarch/bmad-testarch-ci/resources/knowledge/component-tdd.md","265907160c95c8d7b2e9c05304665b68f3267b817920fff8afb131ec04184edb"
"md","component-tdd","tea","tea/workflows/testarch/bmad-testarch-framework/resources/knowledge/component-tdd.md","265907160c95c8d7b2e9c05304665b68f3267b817920fff8afb131ec04184edb"
"md","component-tdd","tea","tea/workflows/testarch/bmad-testarch-nfr/resources/knowledge/component-tdd.md","265907160c95c8d7b2e9c05304665b68f3267b817920fff8afb131ec04184edb"
"md","component-tdd","tea","tea/workflows/testarch/bmad-testarch-test-design/resources/knowledge/component-tdd.md","265907160c95c8d7b2e9c05304665b68f3267b817920fff8afb131ec04184edb"
"md","component-tdd","tea","tea/workflows/testarch/bmad-testarch-test-review/resources/knowledge/component-tdd.md","265907160c95c8d7b2e9c05304665b68f3267b817920fff8afb131ec04184edb"
"md","component-tdd","tea","tea/workflows/testarch/bmad-testarch-trace/resources/knowledge/component-tdd.md","265907160c95c8d7b2e9c05304665b68f3267b817920fff8afb131ec04184edb"
"md","confidence-gate","tea","tea/agents/bmad-tea/resources/knowledge/confidence-gate.md","7f1efe0240565332e0c0cecf62e2ef1882ef8d800b9be64a6f622cee9a8fdfab"
"md","confidence-gate","tea","tea/workflows/testarch/bmad-testarch-atdd/resources/knowledge/confidence-gate.md","7f1efe0240565332e0c0cecf62e2ef1882ef8d800b9be64a6f622cee9a8fdfab"
"md","confidence-gate","tea","tea/workflows/testarch/bmad-testarch-automate/resources/knowledge/confidence-gate.md","7f1efe0240565332e0c0cecf62e2ef1882ef8d800b9be64a6f622cee9a8fdfab"
"md","confidence-gate","tea","tea/workflows/testarch/bmad-testarch-ci/resources/knowledge/confidence-gate.md","7f1efe0240565332e0c0cecf62e2ef1882ef8d800b9be64a6f622cee9a8fdfab"
"md","confidence-gate","tea","tea/workflows/testarch/bmad-testarch-framework/resources/knowledge/confidence-gate.md","7f1efe0240565332e0c0cecf62e2ef1882ef8d800b9be64a6f622cee9a8fdfab"
"md","confidence-gate","tea","tea/workflows/testarch/bmad-testarch-nfr/resources/knowledge/confidence-gate.md","7f1efe0240565332e0c0cecf62e2ef1882ef8d800b9be64a6f622cee9a8fdfab"
"md","confidence-gate","tea","tea/workflows/testarch/bmad-testarch-test-design/resources/knowledge/confidence-gate.md","7f1efe0240565332e0c0cecf62e2ef1882ef8d800b9be64a6f622cee9a8fdfab"
"md","confidence-gate","tea","tea/workflows/testarch/bmad-testarch-test-review/resources/knowledge/confidence-gate.md","7f1efe0240565332e0c0cecf62e2ef1882ef8d800b9be64a6f622cee9a8fdfab"
"md","confidence-gate","tea","tea/workflows/testarch/bmad-testarch-trace/resources/knowledge/confidence-gate.md","7f1efe0240565332e0c0cecf62e2ef1882ef8d800b9be64a6f622cee9a8fdfab"
"md","contract-testing","tea","tea/agents/bmad-tea/resources/knowledge/contract-testing.md","ab5e834cd76206d75f1db3b668c36d6f89191e8746d4e8046117c668b764b597"
"md","contract-testing","tea","tea/workflows/testarch/bmad-testarch-atdd/resources/knowledge/contract-testing.md","ab5e834cd76206d75f1db3b668c36d6f89191e8746d4e8046117c668b764b597"
"md","contract-testing","tea","tea/workflows/testarch/bmad-testarch-automate/resources/knowledge/contract-testing.md","ab5e834cd76206d75f1db3b668c36d6f89191e8746d4e8046117c668b764b597"
"md","contract-testing","tea","tea/workflows/testarch/bmad-testarch-ci/resources/knowledge/contract-testing.md","ab5e834cd76206d75f1db3b668c36d6f89191e8746d4e8046117c668b764b597"
"md","contract-testing","tea","tea/workflows/testarch/bmad-testarch-framework/resources/knowledge/contract-testing.md","ab5e834cd76206d75f1db3b668c36d6f89191e8746d4e8046117c668b764b597"
"md","contract-testing","tea","tea/workflows/testarch/bmad-testarch-nfr/resources/knowledge/contract-testing.md","ab5e834cd76206d75f1db3b668c36d6f89191e8746d4e8046117c668b764b597"
"md","contract-testing","tea","tea/workflows/testarch/bmad-testarch-test-design/resources/knowledge/contract-testing.md","ab5e834cd76206d75f1db3b668c36d6f89191e8746d4e8046117c668b764b597"
"md","contract-testing","tea","tea/workflows/testarch/bmad-testarch-test-review/resources/knowledge/contract-testing.md","ab5e834cd76206d75f1db3b668c36d6f89191e8746d4e8046117c668b764b597"
"md","contract-testing","tea","tea/workflows/testarch/bmad-testarch-trace/resources/knowledge/contract-testing.md","ab5e834cd76206d75f1db3b668c36d6f89191e8746d4e8046117c668b764b597"
"md","criteria-registry","tea","tea/workflows/testarch/bmad-testarch-test-review/steps-c/criteria-registry.md","10d4b2c541f5dcb5a2ba78b165d6ddaad2e518370ece25486369ba43a088cd10"
"md","data-factories","tea","tea/agents/bmad-tea/resources/knowledge/data-factories.md","036572ce6222b98829c681c9c2cebc54fa89d670356e4bc7d50e402af91f587d"
"md","data-factories","tea","tea/workflows/testarch/bmad-testarch-atdd/resources/knowledge/data-factories.md","036572ce6222b98829c681c9c2cebc54fa89d670356e4bc7d50e402af91f587d"
"md","data-factories","tea","tea/workflows/testarch/bmad-testarch-automate/resources/knowledge/data-factories.md","036572ce6222b98829c681c9c2cebc54fa89d670356e4bc7d50e402af91f587d"
"md","data-factories","tea","tea/workflows/testarch/bmad-testarch-ci/resources/knowledge/data-factories.md","036572ce6222b98829c681c9c2cebc54fa89d670356e4bc7d50e402af91f587d"
"md","data-factories","tea","tea/workflows/testarch/bmad-testarch-framework/resources/knowledge/data-factories.md","036572ce6222b98829c681c9c2cebc54fa89d670356e4bc7d50e402af91f587d"
"md","data-factories","tea","tea/workflows/testarch/bmad-testarch-nfr/resources/knowledge/data-factories.md","036572ce6222b98829c681c9c2cebc54fa89d670356e4bc7d50e402af91f587d"
"md","data-factories","tea","tea/workflows/testarch/bmad-testarch-test-design/resources/knowledge/data-factories.md","036572ce6222b98829c681c9c2cebc54fa89d670356e4bc7d50e402af91f587d"
"md","data-factories","tea","tea/workflows/testarch/bmad-testarch-test-review/resources/knowledge/data-factories.md","036572ce6222b98829c681c9c2cebc54fa89d670356e4bc7d50e402af91f587d"
"md","data-factories","tea","tea/workflows/testarch/bmad-testarch-trace/resources/knowledge/data-factories.md","036572ce6222b98829c681c9c2cebc54fa89d670356e4bc7d50e402af91f587d"
"md","email-auth","tea","tea/agents/bmad-tea/resources/knowledge/email-auth.md","43f4cc3138a905a91f4a69f358be6664a790b192811b4dfc238188e826f6b41b"
"md","email-auth","tea","tea/workflows/testarch/bmad-testarch-atdd/resources/knowledge/email-auth.md","43f4cc3138a905a91f4a69f358be6664a790b192811b4dfc238188e826f6b41b"
"md","email-auth","tea","tea/workflows/testarch/bmad-testarch-automate/resources/knowledge/email-auth.md","43f4cc3138a905a91f4a69f358be6664a790b192811b4dfc238188e826f6b41b"
"md","email-auth","tea","tea/workflows/testarch/bmad-testarch-ci/resources/knowledge/email-auth.md","43f4cc3138a905a91f4a69f358be6664a790b192811b4dfc238188e826f6b41b"
"md","email-auth","tea","tea/workflows/testarch/bmad-testarch-framework/resources/knowledge/email-auth.md","43f4cc3138a905a91f4a69f358be6664a790b192811b4dfc238188e826f6b41b"
"md","email-auth","tea","tea/workflows/testarch/bmad-testarch-nfr/resources/knowledge/email-auth.md","43f4cc3138a905a91f4a69f358be6664a790b192811b4dfc238188e826f6b41b"
"md","email-auth","tea","tea/workflows/testarch/bmad-testarch-test-design/resources/knowledge/email-auth.md","43f4cc3138a905a91f4a69f358be6664a790b192811b4dfc238188e826f6b41b"
"md","email-auth","tea","tea/workflows/testarch/bmad-testarch-test-review/resources/knowledge/email-auth.md","43f4cc3138a905a91f4a69f358be6664a790b192811b4dfc238188e826f6b41b"
"md","email-auth","tea","tea/workflows/testarch/bmad-testarch-trace/resources/knowledge/email-auth.md","43f4cc3138a905a91f4a69f358be6664a790b192811b4dfc238188e826f6b41b"
"md","error-handling","tea","tea/agents/bmad-tea/resources/knowledge/error-handling.md","38975ebe2655b4d85035d8e740aef63fdef63dc31f9acf530142788060f62153"
"md","error-handling","tea","tea/workflows/testarch/bmad-testarch-atdd/resources/knowledge/error-handling.md","38975ebe2655b4d85035d8e740aef63fdef63dc31f9acf530142788060f62153"
"md","error-handling","tea","tea/workflows/testarch/bmad-testarch-automate/resources/knowledge/error-handling.md","38975ebe2655b4d85035d8e740aef63fdef63dc31f9acf530142788060f62153"
"md","error-handling","tea","tea/workflows/testarch/bmad-testarch-ci/resources/knowledge/error-handling.md","38975ebe2655b4d85035d8e740aef63fdef63dc31f9acf530142788060f62153"
"md","error-handling","tea","tea/workflows/testarch/bmad-testarch-framework/resources/knowledge/error-handling.md","38975ebe2655b4d85035d8e740aef63fdef63dc31f9acf530142788060f62153"
"md","error-handling","tea","tea/workflows/testarch/bmad-testarch-nfr/resources/knowledge/error-handling.md","38975ebe2655b4d85035d8e740aef63fdef63dc31f9acf530142788060f62153"
"md","error-handling","tea","tea/workflows/testarch/bmad-testarch-test-design/resources/knowledge/error-handling.md","38975ebe2655b4d85035d8e740aef63fdef63dc31f9acf530142788060f62153"
"md","error-handling","tea","tea/workflows/testarch/bmad-testarch-test-review/resources/knowledge/error-handling.md","38975ebe2655b4d85035d8e740aef63fdef63dc31f9acf530142788060f62153"
"md","error-handling","tea","tea/workflows/testarch/bmad-testarch-trace/resources/knowledge/error-handling.md","38975ebe2655b4d85035d8e740aef63fdef63dc31f9acf530142788060f62153"
"md","evidence-integrity","tea","tea/agents/bmad-tea/resources/knowledge/evidence-integrity.md","0fa16d90af59971f9d820b3db9ad8926ef87c70fd7675b365561954c65593633"
"md","evidence-integrity","tea","tea/workflows/testarch/bmad-testarch-atdd/resources/knowledge/evidence-integrity.md","0fa16d90af59971f9d820b3db9ad8926ef87c70fd7675b365561954c65593633"
"md","evidence-integrity","tea","tea/workflows/testarch/bmad-testarch-automate/resources/knowledge/evidence-integrity.md","0fa16d90af59971f9d820b3db9ad8926ef87c70fd7675b365561954c65593633"
"md","evidence-integrity","tea","tea/workflows/testarch/bmad-testarch-ci/resources/knowledge/evidence-integrity.md","0fa16d90af59971f9d820b3db9ad8926ef87c70fd7675b365561954c65593633"
"md","evidence-integrity","tea","tea/workflows/testarch/bmad-testarch-framework/resources/knowledge/evidence-integrity.md","0fa16d90af59971f9d820b3db9ad8926ef87c70fd7675b365561954c65593633"
"md","evidence-integrity","tea","tea/workflows/testarch/bmad-testarch-nfr/resources/knowledge/evidence-integrity.md","0fa16d90af59971f9d820b3db9ad8926ef87c70fd7675b365561954c65593633"
"md","evidence-integrity","tea","tea/workflows/testarch/bmad-testarch-test-design/resources/knowledge/evidence-integrity.md","0fa16d90af59971f9d820b3db9ad8926ef87c70fd7675b365561954c65593633"
"md","evidence-integrity","tea","tea/workflows/testarch/bmad-testarch-test-review/resources/knowledge/evidence-integrity.md","0fa16d90af59971f9d820b3db9ad8926ef87c70fd7675b365561954c65593633"
"md","evidence-integrity","tea","tea/workflows/testarch/bmad-testarch-trace/resources/knowledge/evidence-integrity.md","0fa16d90af59971f9d820b3db9ad8926ef87c70fd7675b365561954c65593633"
"md","feature-flags","tea","tea/agents/bmad-tea/resources/knowledge/feature-flags.md","5b3cf037169719e69d468ff2ecfc94711bc41fd3e330c6f81a404163bb09fdba"
"md","feature-flags","tea","tea/workflows/testarch/bmad-testarch-atdd/resources/knowledge/feature-flags.md","5b3cf037169719e69d468ff2ecfc94711bc41fd3e330c6f81a404163bb09fdba"
"md","feature-flags","tea","tea/workflows/testarch/bmad-testarch-automate/resources/knowledge/feature-flags.md","5b3cf037169719e69d468ff2ecfc94711bc41fd3e330c6f81a404163bb09fdba"
"md","feature-flags","tea","tea/workflows/testarch/bmad-testarch-ci/resources/knowledge/feature-flags.md","5b3cf037169719e69d468ff2ecfc94711bc41fd3e330c6f81a404163bb09fdba"
"md","feature-flags","tea","tea/workflows/testarch/bmad-testarch-framework/resources/knowledge/feature-flags.md","5b3cf037169719e69d468ff2ecfc94711bc41fd3e330c6f81a404163bb09fdba"
"md","feature-flags","tea","tea/workflows/testarch/bmad-testarch-nfr/resources/knowledge/feature-flags.md","5b3cf037169719e69d468ff2ecfc94711bc41fd3e330c6f81a404163bb09fdba"
"md","feature-flags","tea","tea/workflows/testarch/bmad-testarch-test-design/resources/knowledge/feature-flags.md","5b3cf037169719e69d468ff2ecfc94711bc41fd3e330c6f81a404163bb09fdba"
"md","feature-flags","tea","tea/workflows/testarch/bmad-testarch-test-review/resources/knowledge/feature-flags.md","5b3cf037169719e69d468ff2ecfc94711bc41fd3e330c6f81a404163bb09fdba"
"md","feature-flags","tea","tea/workflows/testarch/bmad-testarch-trace/resources/knowledge/feature-flags.md","5b3cf037169719e69d468ff2ecfc94711bc41fd3e330c6f81a404163bb09fdba"
"md","file-utils","tea","tea/agents/bmad-tea/resources/knowledge/file-utils.md","7d1092930118fb160b9c0a4a48c398d9b08bb909d1e2432662d8e81e1e3b0087"
"md","file-utils","tea","tea/workflows/testarch/bmad-testarch-atdd/resources/knowledge/file-utils.md","7d1092930118fb160b9c0a4a48c398d9b08bb909d1e2432662d8e81e1e3b0087"
"md","file-utils","tea","tea/workflows/testarch/bmad-testarch-automate/resources/knowledge/file-utils.md","7d1092930118fb160b9c0a4a48c398d9b08bb909d1e2432662d8e81e1e3b0087"
"md","file-utils","tea","tea/workflows/testarch/bmad-testarch-ci/resources/knowledge/file-utils.md","7d1092930118fb160b9c0a4a48c398d9b08bb909d1e2432662d8e81e1e3b0087"
"md","file-utils","tea","tea/workflows/testarch/bmad-testarch-framework/resources/knowledge/file-utils.md","7d1092930118fb160b9c0a4a48c398d9b08bb909d1e2432662d8e81e1e3b0087"
"md","file-utils","tea","tea/workflows/testarch/bmad-testarch-nfr/resources/knowledge/file-utils.md","7d1092930118fb160b9c0a4a48c398d9b08bb909d1e2432662d8e81e1e3b0087"
"md","file-utils","tea","tea/workflows/testarch/bmad-testarch-test-design/resources/knowledge/file-utils.md","7d1092930118fb160b9c0a4a48c398d9b08bb909d1e2432662d8e81e1e3b0087"
"md","file-utils","tea","tea/workflows/testarch/bmad-testarch-test-review/resources/knowledge/file-utils.md","7d1092930118fb160b9c0a4a48c398d9b08bb909d1e2432662d8e81e1e3b0087"
"md","file-utils","tea","tea/workflows/testarch/bmad-testarch-trace/resources/knowledge/file-utils.md","7d1092930118fb160b9c0a4a48c398d9b08bb909d1e2432662d8e81e1e3b0087"
"md","fixture-architecture","tea","tea/agents/bmad-tea/resources/knowledge/fixture-architecture.md","c0c62381e7a0385fe0d8b59861a3756994d3bbc673e4605ded9607d5217c7e55"
"md","fixture-architecture","tea","tea/workflows/testarch/bmad-testarch-atdd/resources/knowledge/fixture-architecture.md","c0c62381e7a0385fe0d8b59861a3756994d3bbc673e4605ded9607d5217c7e55"
"md","fixture-architecture","tea","tea/workflows/testarch/bmad-testarch-automate/resources/knowledge/fixture-architecture.md","c0c62381e7a0385fe0d8b59861a3756994d3bbc673e4605ded9607d5217c7e55"
"md","fixture-architecture","tea","tea/workflows/testarch/bmad-testarch-ci/resources/knowledge/fixture-architecture.md","c0c62381e7a0385fe0d8b59861a3756994d3bbc673e4605ded9607d5217c7e55"
"md","fixture-architecture","tea","tea/workflows/testarch/bmad-testarch-framework/resources/knowledge/fixture-architecture.md","c0c62381e7a0385fe0d8b59861a3756994d3bbc673e4605ded9607d5217c7e55"
"md","fixture-architecture","tea","tea/workflows/testarch/bmad-testarch-nfr/resources/knowledge/fixture-architecture.md","c0c62381e7a0385fe0d8b59861a3756994d3bbc673e4605ded9607d5217c7e55"
"md","fixture-architecture","tea","tea/workflows/testarch/bmad-testarch-test-design/resources/knowledge/fixture-architecture.md","c0c62381e7a0385fe0d8b59861a3756994d3bbc673e4605ded9607d5217c7e55"
"md","fixture-architecture","tea","tea/workflows/testarch/bmad-testarch-test-review/resources/knowledge/fixture-architecture.md","c0c62381e7a0385fe0d8b59861a3756994d3bbc673e4605ded9607d5217c7e55"
"md","fixture-architecture","tea","tea/workflows/testarch/bmad-testarch-trace/resources/knowledge/fixture-architecture.md","c0c62381e7a0385fe0d8b59861a3756994d3bbc673e4605ded9607d5217c7e55"
"md","fixtures-composition","tea","tea/agents/bmad-tea/resources/knowledge/fixtures-composition.md","4a6e655e78ffeaedfa6f2919b14735c5d83d177db75745595bb3ab8d7a004c2b"
"md","fixtures-composition","tea","tea/workflows/testarch/bmad-testarch-atdd/resources/knowledge/fixtures-composition.md","4a6e655e78ffeaedfa6f2919b14735c5d83d177db75745595bb3ab8d7a004c2b"
"md","fixtures-composition","tea","tea/workflows/testarch/bmad-testarch-automate/resources/knowledge/fixtures-composition.md","4a6e655e78ffeaedfa6f2919b14735c5d83d177db75745595bb3ab8d7a004c2b"
"md","fixtures-composition","tea","tea/workflows/testarch/bmad-testarch-ci/resources/knowledge/fixtures-composition.md","4a6e655e78ffeaedfa6f2919b14735c5d83d177db75745595bb3ab8d7a004c2b"
"md","fixtures-composition","tea","tea/workflows/testarch/bmad-testarch-framework/resources/knowledge/fixtures-composition.md","4a6e655e78ffeaedfa6f2919b14735c5d83d177db75745595bb3ab8d7a004c2b"
"md","fixtures-composition","tea","tea/workflows/testarch/bmad-testarch-nfr/resources/knowledge/fixtures-composition.md","4a6e655e78ffeaedfa6f2919b14735c5d83d177db75745595bb3ab8d7a004c2b"
"md","fixtures-composition","tea","tea/workflows/testarch/bmad-testarch-test-design/resources/knowledge/fixtures-composition.md","4a6e655e78ffeaedfa6f2919b14735c5d83d177db75745595bb3ab8d7a004c2b"
"md","fixtures-composition","tea","tea/workflows/testarch/bmad-testarch-test-review/resources/knowledge/fixtures-composition.md","4a6e655e78ffeaedfa6f2919b14735c5d83d177db75745595bb3ab8d7a004c2b"
"md","fixtures-composition","tea","tea/workflows/testarch/bmad-testarch-trace/resources/knowledge/fixtures-composition.md","4a6e655e78ffeaedfa6f2919b14735c5d83d177db75745595bb3ab8d7a004c2b"
"md","framework-setup-progress.example","tea","tea/workflows/testarch/bmad-testarch-framework/resources/framework-setup-progress.example.md","5a69a2373e84b0bfed1bf0400e9a34d4cc4137bcf28b3e80fb57c9eb935f5ced"
"md","instructions","tea","tea/workflows/testarch/bmad-teach-me-testing/instructions.md","8312032fbe11c311a25e24168e043032999bac32e24f3df3a9defe6585f87ad0"
"md","instructions","tea","tea/workflows/testarch/bmad-testarch-atdd/instructions.md","930807db5daa3a366fa9c5644a99ebae8018dce5c15fe87a6bc85506fff141bb"
"md","instructions","tea","tea/workflows/testarch/bmad-testarch-automate/instructions.md","75fa59f76165af6a4279e4a39c754b97dbd9ce17eec6b71672d126edec974d51"
"md","instructions","tea","tea/workflows/testarch/bmad-testarch-ci/instructions.md","cd8905705533b59d860b40bcac0f1f2769369ede753a2ca91fe722e6f7b42cdc"
"md","instructions","tea","tea/workflows/testarch/bmad-testarch-framework/instructions.md","767733b4bbfcd8d1da152fa4daec859d4a4966a1df862a25369fba0d58fac7c5"
"md","instructions","tea","tea/workflows/testarch/bmad-testarch-nfr/instructions.md","e1b76e269125ddbf076c31101795a9f097f6cc38305dac0a0df280549eff1700"
"md","instructions","tea","tea/workflows/testarch/bmad-testarch-test-design/instructions.md","12f69b8730f15da16cad6b1bb3a82970e759ea9928f23bc4b4e400c7e5850634"
"md","instructions","tea","tea/workflows/testarch/bmad-testarch-test-review/instructions.md","8011cbde48324b8c072b05d5cb8ec48e2dd69a1390560f38a5fbcb9f1786e38b"
"md","instructions","tea","tea/workflows/testarch/bmad-testarch-trace/instructions.md","da34be7e45033cd88c6123a9be21e6e0db0ab5342ef64342fa62cef376b92f20"
"md","intercept-network-call","tea","tea/agents/bmad-tea/resources/knowledge/intercept-network-call.md","ac8213cc28a9f9c452a6fb419356dd1d66ce495d7f29d188fcb1bb51456ba869"
"md","intercept-network-call","tea","tea/workflows/testarch/bmad-testarch-atdd/resources/knowledge/intercept-network-call.md","ac8213cc28a9f9c452a6fb419356dd1d66ce495d7f29d188fcb1bb51456ba869"
"md","intercept-network-call","tea","tea/workflows/testarch/bmad-testarch-automate/resources/knowledge/intercept-network-call.md","ac8213cc28a9f9c452a6fb419356dd1d66ce495d7f29d188fcb1bb51456ba869"
"md","intercept-network-call","tea","tea/workflows/testarch/bmad-testarch-ci/resources/knowledge/intercept-network-call.md","ac8213cc28a9f9c452a6fb419356dd1d66ce495d7f29d188fcb1bb51456ba869"
"md","intercept-network-call","tea","tea/workflows/testarch/bmad-testarch-framework/resources/knowledge/intercept-network-call.md","ac8213cc28a9f9c452a6fb419356dd1d66ce495d7f29d188fcb1bb51456ba869"
"md","intercept-network-call","tea","tea/workflows/testarch/bmad-testarch-nfr/resources/knowledge/intercept-network-call.md","ac8213cc28a9f9c452a6fb419356dd1d66ce495d7f29d188fcb1bb51456ba869"
"md","intercept-network-call","tea","tea/workflows/testarch/bmad-testarch-test-design/resources/knowledge/intercept-network-call.md","ac8213cc28a9f9c452a6fb419356dd1d66ce495d7f29d188fcb1bb51456ba869"
"md","intercept-network-call","tea","tea/workflows/testarch/bmad-testarch-test-review/resources/knowledge/intercept-network-call.md","ac8213cc28a9f9c452a6fb419356dd1d66ce495d7f29d188fcb1bb51456ba869"
"md","intercept-network-call","tea","tea/workflows/testarch/bmad-testarch-trace/resources/knowledge/intercept-network-call.md","ac8213cc28a9f9c452a6fb419356dd1d66ce495d7f29d188fcb1bb51456ba869"
"md","library-integration-mandate","tea","tea/agents/bmad-tea/resources/knowledge/library-integration-mandate.md","b38d83dff663fe8f5d2fcbd8d7108d316cdacb1c919b47a4b7a5ffee1e7c4c91"
"md","library-integration-mandate","tea","tea/workflows/testarch/bmad-testarch-atdd/resources/knowledge/library-integration-mandate.md","b38d83dff663fe8f5d2fcbd8d7108d316cdacb1c919b47a4b7a5ffee1e7c4c91"
"md","library-integration-mandate","tea","tea/workflows/testarch/bmad-testarch-automate/resources/knowledge/library-integration-mandate.md","b38d83dff663fe8f5d2fcbd8d7108d316cdacb1c919b47a4b7a5ffee1e7c4c91"
"md","library-integration-mandate","tea","tea/workflows/testarch/bmad-testarch-ci/resources/knowledge/library-integration-mandate.md","b38d83dff663fe8f5d2fcbd8d7108d316cdacb1c919b47a4b7a5ffee1e7c4c91"
"md","library-integration-mandate","tea","tea/workflows/testarch/bmad-testarch-framework/resources/knowledge/library-integration-mandate.md","b38d83dff663fe8f5d2fcbd8d7108d316cdacb1c919b47a4b7a5ffee1e7c4c91"
"md","library-integration-mandate","tea","tea/workflows/testarch/bmad-testarch-nfr/resources/knowledge/library-integration-mandate.md","b38d83dff663fe8f5d2fcbd8d7108d316cdacb1c919b47a4b7a5ffee1e7c4c91"
"md","library-integration-mandate","tea","tea/workflows/testarch/bmad-testarch-test-design/resources/knowledge/library-integration-mandate.md","b38d83dff663fe8f5d2fcbd8d7108d316cdacb1c919b47a4b7a5ffee1e7c4c91"
"md","library-integration-mandate","tea","tea/workflows/testarch/bmad-testarch-test-review/resources/knowledge/library-integration-mandate.md","b38d83dff663fe8f5d2fcbd8d7108d316cdacb1c919b47a4b7a5ffee1e7c4c91"
"md","library-integration-mandate","tea","tea/workflows/testarch/bmad-testarch-trace/resources/knowledge/library-integration-mandate.md","b38d83dff663fe8f5d2fcbd8d7108d316cdacb1c919b47a4b7a5ffee1e7c4c91"
"md","log","tea","tea/agents/bmad-tea/resources/knowledge/log.md","ef73615ce4535d4571567191ee9dc382cb87fd1eb75d3ee7e62f8f5dc9ca4c46"
"md","log","tea","tea/workflows/testarch/bmad-testarch-atdd/resources/knowledge/log.md","ef73615ce4535d4571567191ee9dc382cb87fd1eb75d3ee7e62f8f5dc9ca4c46"
"md","log","tea","tea/workflows/testarch/bmad-testarch-automate/resources/knowledge/log.md","ef73615ce4535d4571567191ee9dc382cb87fd1eb75d3ee7e62f8f5dc9ca4c46"
"md","log","tea","tea/workflows/testarch/bmad-testarch-ci/resources/knowledge/log.md","ef73615ce4535d4571567191ee9dc382cb87fd1eb75d3ee7e62f8f5dc9ca4c46"
"md","log","tea","tea/workflows/testarch/bmad-testarch-framework/resources/knowledge/log.md","ef73615ce4535d4571567191ee9dc382cb87fd1eb75d3ee7e62f8f5dc9ca4c46"
"md","log","tea","tea/workflows/testarch/bmad-testarch-nfr/resources/knowledge/log.md","ef73615ce4535d4571567191ee9dc382cb87fd1eb75d3ee7e62f8f5dc9ca4c46"
"md","log","tea","tea/workflows/testarch/bmad-testarch-test-design/resources/knowledge/log.md","ef73615ce4535d4571567191ee9dc382cb87fd1eb75d3ee7e62f8f5dc9ca4c46"
"md","log","tea","tea/workflows/testarch/bmad-testarch-test-review/resources/knowledge/log.md","ef73615ce4535d4571567191ee9dc382cb87fd1eb75d3ee7e62f8f5dc9ca4c46"
"md","log","tea","tea/workflows/testarch/bmad-testarch-trace/resources/knowledge/log.md","ef73615ce4535d4571567191ee9dc382cb87fd1eb75d3ee7e62f8f5dc9ca4c46"
"md","maestro-flows","tea","tea/agents/bmad-tea/resources/knowledge/maestro-flows.md","02b1fff0e463708db474310792fd88a98dc425c621bac9cb3b7b7f1fbd47c3d3"
"md","maestro-flows","tea","tea/workflows/testarch/bmad-testarch-atdd/resources/knowledge/maestro-flows.md","02b1fff0e463708db474310792fd88a98dc425c621bac9cb3b7b7f1fbd47c3d3"
"md","maestro-flows","tea","tea/workflows/testarch/bmad-testarch-automate/resources/knowledge/maestro-flows.md","02b1fff0e463708db474310792fd88a98dc425c621bac9cb3b7b7f1fbd47c3d3"
"md","maestro-flows","tea","tea/workflows/testarch/bmad-testarch-ci/resources/knowledge/maestro-flows.md","02b1fff0e463708db474310792fd88a98dc425c621bac9cb3b7b7f1fbd47c3d3"
"md","maestro-flows","tea","tea/workflows/testarch/bmad-testarch-framework/resources/knowledge/maestro-flows.md","02b1fff0e463708db474310792fd88a98dc425c621bac9cb3b7b7f1fbd47c3d3"
"md","maestro-flows","tea","tea/workflows/testarch/bmad-testarch-nfr/resources/knowledge/maestro-flows.md","02b1fff0e463708db474310792fd88a98dc425c621bac9cb3b7b7f1fbd47c3d3"
"md","maestro-flows","tea","tea/workflows/testarch/bmad-testarch-test-design/resources/knowledge/maestro-flows.md","02b1fff0e463708db474310792fd88a98dc425c621bac9cb3b7b7f1fbd47c3d3"
"md","maestro-flows","tea","tea/workflows/testarch/bmad-testarch-test-review/resources/knowledge/maestro-flows.md","02b1fff0e463708db474310792fd88a98dc425c621bac9cb3b7b7f1fbd47c3d3"
"md","maestro-flows","tea","tea/workflows/testarch/bmad-testarch-trace/resources/knowledge/maestro-flows.md","02b1fff0e463708db474310792fd88a98dc425c621bac9cb3b7b7f1fbd47c3d3"
"md","mobile-ci-device-lab","tea","tea/agents/bmad-tea/resources/knowledge/mobile-ci-device-lab.md","0d992898bd8e1b1d047285097047bc5078528f2d3f6e6c2f61e6339cca71454e"
"md","mobile-ci-device-lab","tea","tea/workflows/testarch/bmad-testarch-atdd/resources/knowledge/mobile-ci-device-lab.md","0d992898bd8e1b1d047285097047bc5078528f2d3f6e6c2f61e6339cca71454e"
"md","mobile-ci-device-lab","tea","tea/workflows/testarch/bmad-testarch-automate/resources/knowledge/mobile-ci-device-lab.md","0d992898bd8e1b1d047285097047bc5078528f2d3f6e6c2f61e6339cca71454e"
"md","mobile-ci-device-lab","tea","tea/workflows/testarch/bmad-testarch-ci/resources/knowledge/mobile-ci-device-lab.md","0d992898bd8e1b1d047285097047bc5078528f2d3f6e6c2f61e6339cca71454e"
"md","mobile-ci-device-lab","tea","tea/workflows/testarch/bmad-testarch-framework/resources/knowledge/mobile-ci-device-lab.md","0d992898bd8e1b1d047285097047bc5078528f2d3f6e6c2f61e6339cca71454e"
"md","mobile-ci-device-lab","tea","tea/workflows/testarch/bmad-testarch-nfr/resources/knowledge/mobile-ci-device-lab.md","0d992898bd8e1b1d047285097047bc5078528f2d3f6e6c2f61e6339cca71454e"
"md","mobile-ci-device-lab","tea","tea/workflows/testarch/bmad-testarch-test-design/resources/knowledge/mobile-ci-device-lab.md","0d992898bd8e1b1d047285097047bc5078528f2d3f6e6c2f61e6339cca71454e"
"md","mobile-ci-device-lab","tea","tea/workflows/testarch/bmad-testarch-test-review/resources/knowledge/mobile-ci-device-lab.md","0d992898bd8e1b1d047285097047bc5078528f2d3f6e6c2f61e6339cca71454e"
"md","mobile-ci-device-lab","tea","tea/workflows/testarch/bmad-testarch-trace/resources/knowledge/mobile-ci-device-lab.md","0d992898bd8e1b1d047285097047bc5078528f2d3f6e6c2f61e6339cca71454e"
"md","mobile-test-strategy","tea","tea/agents/bmad-tea/resources/knowledge/mobile-test-strategy.md","88a64fe99b2de58fd5b31109f73a2f3abf52e6c15738e770af753bd049a90344"
"md","mobile-test-strategy","tea","tea/workflows/testarch/bmad-testarch-atdd/resources/knowledge/mobile-test-strategy.md","88a64fe99b2de58fd5b31109f73a2f3abf52e6c15738e770af753bd049a90344"
"md","mobile-test-strategy","tea","tea/workflows/testarch/bmad-testarch-automate/resources/knowledge/mobile-test-strategy.md","88a64fe99b2de58fd5b31109f73a2f3abf52e6c15738e770af753bd049a90344"
"md","mobile-test-strategy","tea","tea/workflows/testarch/bmad-testarch-ci/resources/knowledge/mobile-test-strategy.md","88a64fe99b2de58fd5b31109f73a2f3abf52e6c15738e770af753bd049a90344"
"md","mobile-test-strategy","tea","tea/workflows/testarch/bmad-testarch-framework/resources/knowledge/mobile-test-strategy.md","88a64fe99b2de58fd5b31109f73a2f3abf52e6c15738e770af753bd049a90344"
"md","mobile-test-strategy","tea","tea/workflows/testarch/bmad-testarch-nfr/resources/knowledge/mobile-test-strategy.md","88a64fe99b2de58fd5b31109f73a2f3abf52e6c15738e770af753bd049a90344"
"md","mobile-test-strategy","tea","tea/workflows/testarch/bmad-testarch-test-design/resources/knowledge/mobile-test-strategy.md","88a64fe99b2de58fd5b31109f73a2f3abf52e6c15738e770af753bd049a90344"
"md","mobile-test-strategy","tea","tea/workflows/testarch/bmad-testarch-test-review/resources/knowledge/mobile-test-strategy.md","88a64fe99b2de58fd5b31109f73a2f3abf52e6c15738e770af753bd049a90344"
"md","mobile-test-strategy","tea","tea/workflows/testarch/bmad-testarch-trace/resources/knowledge/mobile-test-strategy.md","88a64fe99b2de58fd5b31109f73a2f3abf52e6c15738e770af753bd049a90344"
"md","network-error-monitor","tea","tea/agents/bmad-tea/resources/knowledge/network-error-monitor.md","4bb78d35d4607cdfacf19919b52d334ea96ffd7ef85e1537a3eb5c51cff91b43"
"md","network-error-monitor","tea","tea/workflows/testarch/bmad-testarch-atdd/resources/knowledge/network-error-monitor.md","4bb78d35d4607cdfacf19919b52d334ea96ffd7ef85e1537a3eb5c51cff91b43"
"md","network-error-monitor","tea","tea/workflows/testarch/bmad-testarch-automate/resources/knowledge/network-error-monitor.md","4bb78d35d4607cdfacf19919b52d334ea96ffd7ef85e1537a3eb5c51cff91b43"
"md","network-error-monitor","tea","tea/workflows/testarch/bmad-testarch-ci/resources/knowledge/network-error-monitor.md","4bb78d35d4607cdfacf19919b52d334ea96ffd7ef85e1537a3eb5c51cff91b43"
"md","network-error-monitor","tea","tea/workflows/testarch/bmad-testarch-framework/resources/knowledge/network-error-monitor.md","4bb78d35d4607cdfacf19919b52d334ea96ffd7ef85e1537a3eb5c51cff91b43"
"md","network-error-monitor","tea","tea/workflows/testarch/bmad-testarch-nfr/resources/knowledge/network-error-monitor.md","4bb78d35d4607cdfacf19919b52d334ea96ffd7ef85e1537a3eb5c51cff91b43"
"md","network-error-monitor","tea","tea/workflows/testarch/bmad-testarch-test-design/resources/knowledge/network-error-monitor.md","4bb78d35d4607cdfacf19919b52d334ea96ffd7ef85e1537a3eb5c51cff91b43"
"md","network-error-monitor","tea","tea/workflows/testarch/bmad-testarch-test-review/resources/knowledge/network-error-monitor.md","4bb78d35d4607cdfacf19919b52d334ea96ffd7ef85e1537a3eb5c51cff91b43"
"md","network-error-monitor","tea","tea/workflows/testarch/bmad-testarch-trace/resources/knowledge/network-error-monitor.md","4bb78d35d4607cdfacf19919b52d334ea96ffd7ef85e1537a3eb5c51cff91b43"
"md","network-first","tea","tea/agents/bmad-tea/resources/knowledge/network-first.md","2920e58e145626f5505bcb75e263dbd0e6ac79a8c4c2ec138f5329e06a6ac014"
"md","network-first","tea","tea/workflows/testarch/bmad-testarch-atdd/resources/knowledge/network-first.md","2920e58e145626f5505bcb75e263dbd0e6ac79a8c4c2ec138f5329e06a6ac014"
"md","network-first","tea","tea/workflows/testarch/bmad-testarch-automate/resources/knowledge/network-first.md","2920e58e145626f5505bcb75e263dbd0e6ac79a8c4c2ec138f5329e06a6ac014"
"md","network-first","tea","tea/workflows/testarch/bmad-testarch-ci/resources/knowledge/network-first.md","2920e58e145626f5505bcb75e263dbd0e6ac79a8c4c2ec138f5329e06a6ac014"
"md","network-first","tea","tea/workflows/testarch/bmad-testarch-framework/resources/knowledge/network-first.md","2920e58e145626f5505bcb75e263dbd0e6ac79a8c4c2ec138f5329e06a6ac014"
"md","network-first","tea","tea/workflows/testarch/bmad-testarch-nfr/resources/knowledge/network-first.md","2920e58e145626f5505bcb75e263dbd0e6ac79a8c4c2ec138f5329e06a6ac014"
"md","network-first","tea","tea/workflows/testarch/bmad-testarch-test-design/resources/knowledge/network-first.md","2920e58e145626f5505bcb75e263dbd0e6ac79a8c4c2ec138f5329e06a6ac014"
"md","network-first","tea","tea/workflows/testarch/bmad-testarch-test-review/resources/knowledge/network-first.md","2920e58e145626f5505bcb75e263dbd0e6ac79a8c4c2ec138f5329e06a6ac014"
"md","network-first","tea","tea/workflows/testarch/bmad-testarch-trace/resources/knowledge/network-first.md","2920e58e145626f5505bcb75e263dbd0e6ac79a8c4c2ec138f5329e06a6ac014"
"md","network-recorder","tea","tea/agents/bmad-tea/resources/knowledge/network-recorder.md","6ae5ee35a9f1816dc4bf7c4573f6be931a16567d697ff463867819cc39a3268d"
"md","network-recorder","tea","tea/workflows/testarch/bmad-testarch-atdd/resources/knowledge/network-recorder.md","6ae5ee35a9f1816dc4bf7c4573f6be931a16567d697ff463867819cc39a3268d"
"md","network-recorder","tea","tea/workflows/testarch/bmad-testarch-automate/resources/knowledge/network-recorder.md","6ae5ee35a9f1816dc4bf7c4573f6be931a16567d697ff463867819cc39a3268d"
"md","network-recorder","tea","tea/workflows/testarch/bmad-testarch-ci/resources/knowledge/network-recorder.md","6ae5ee35a9f1816dc4bf7c4573f6be931a16567d697ff463867819cc39a3268d"
"md","network-recorder","tea","tea/workflows/testarch/bmad-testarch-framework/resources/knowledge/network-recorder.md","6ae5ee35a9f1816dc4bf7c4573f6be931a16567d697ff463867819cc39a3268d"
"md","network-recorder","tea","tea/workflows/testarch/bmad-testarch-nfr/resources/knowledge/network-recorder.md","6ae5ee35a9f1816dc4bf7c4573f6be931a16567d697ff463867819cc39a3268d"
"md","network-recorder","tea","tea/workflows/testarch/bmad-testarch-test-design/resources/knowledge/network-recorder.md","6ae5ee35a9f1816dc4bf7c4573f6be931a16567d697ff463867819cc39a3268d"
"md","network-recorder","tea","tea/workflows/testarch/bmad-testarch-test-review/resources/knowledge/network-recorder.md","6ae5ee35a9f1816dc4bf7c4573f6be931a16567d697ff463867819cc39a3268d"
"md","network-recorder","tea","tea/workflows/testarch/bmad-testarch-trace/resources/knowledge/network-recorder.md","6ae5ee35a9f1816dc4bf7c4573f6be931a16567d697ff463867819cc39a3268d"
"md","nfr-assessment.example","tea","tea/workflows/testarch/bmad-testarch-nfr/resources/nfr-assessment.example.md","fb27b5c4bcc1825efcaaa7660bf6fd4bf7797c7685d2866cf8133ab87ce82ec0"
"md","nfr-criteria","tea","tea/agents/bmad-tea/resources/knowledge/nfr-criteria.md","e63cee4a0193e4858c8f70ff33a497a1b97d13a69da66f60ed5c9a9853025aa1"
"md","nfr-criteria","tea","tea/workflows/testarch/bmad-testarch-atdd/resources/knowledge/nfr-criteria.md","e63cee4a0193e4858c8f70ff33a497a1b97d13a69da66f60ed5c9a9853025aa1"
"md","nfr-criteria","tea","tea/workflows/testarch/bmad-testarch-automate/resources/knowledge/nfr-criteria.md","e63cee4a0193e4858c8f70ff33a497a1b97d13a69da66f60ed5c9a9853025aa1"
"md","nfr-criteria","tea","tea/workflows/testarch/bmad-testarch-ci/resources/knowledge/nfr-criteria.md","e63cee4a0193e4858c8f70ff33a497a1b97d13a69da66f60ed5c9a9853025aa1"
"md","nfr-criteria","tea","tea/workflows/testarch/bmad-testarch-framework/resources/knowledge/nfr-criteria.md","e63cee4a0193e4858c8f70ff33a497a1b97d13a69da66f60ed5c9a9853025aa1"
"md","nfr-criteria","tea","tea/workflows/testarch/bmad-testarch-nfr/resources/knowledge/nfr-criteria.md","e63cee4a0193e4858c8f70ff33a497a1b97d13a69da66f60ed5c9a9853025aa1"
"md","nfr-criteria","tea","tea/workflows/testarch/bmad-testarch-test-design/resources/knowledge/nfr-criteria.md","e63cee4a0193e4858c8f70ff33a497a1b97d13a69da66f60ed5c9a9853025aa1"
"md","nfr-criteria","tea","tea/workflows/testarch/bmad-testarch-test-review/resources/knowledge/nfr-criteria.md","e63cee4a0193e4858c8f70ff33a497a1b97d13a69da66f60ed5c9a9853025aa1"
"md","nfr-criteria","tea","tea/workflows/testarch/bmad-testarch-trace/resources/knowledge/nfr-criteria.md","e63cee4a0193e4858c8f70ff33a497a1b97d13a69da66f60ed5c9a9853025aa1"
"md","nfr-report-template","tea","tea/workflows/testarch/bmad-testarch-nfr/nfr-report-template.md","f47f53f2e9ca0a9ef488e4692b0a62dd870ea561d9065f5766030daaa555901e"
"md","nfr-status-definitions","tea","tea/workflows/testarch/bmad-testarch-nfr/steps-c/nfr-status-definitions.md","cea5db2db1c015c82fe3f81c9fadbf864a73afba7c4ff7c18b9a250fe26224dc"
"md","overview","tea","tea/agents/bmad-tea/resources/knowledge/overview.md","eb9415d849698671b6fb763740d7b58ef9886911da895110da1ac73e2122c7e4"
"md","overview","tea","tea/workflows/testarch/bmad-testarch-atdd/resources/knowledge/overview.md","eb9415d849698671b6fb763740d7b58ef9886911da895110da1ac73e2122c7e4"
"md","overview","tea","tea/workflows/testarch/bmad-testarch-automate/resources/knowledge/overview.md","eb9415d849698671b6fb763740d7b58ef9886911da895110da1ac73e2122c7e4"
"md","overview","tea","tea/workflows/testarch/bmad-testarch-ci/resources/knowledge/overview.md","eb9415d849698671b6fb763740d7b58ef9886911da895110da1ac73e2122c7e4"
"md","overview","tea","tea/workflows/testarch/bmad-testarch-framework/resources/knowledge/overview.md","eb9415d849698671b6fb763740d7b58ef9886911da895110da1ac73e2122c7e4"
"md","overview","tea","tea/workflows/testarch/bmad-testarch-nfr/resources/knowledge/overview.md","eb9415d849698671b6fb763740d7b58ef9886911da895110da1ac73e2122c7e4"
"md","overview","tea","tea/workflows/testarch/bmad-testarch-test-design/resources/knowledge/overview.md","eb9415d849698671b6fb763740d7b58ef9886911da895110da1ac73e2122c7e4"
"md","overview","tea","tea/workflows/testarch/bmad-testarch-test-review/resources/knowledge/overview.md","eb9415d849698671b6fb763740d7b58ef9886911da895110da1ac73e2122c7e4"
"md","overview","tea","tea/workflows/testarch/bmad-testarch-trace/resources/knowledge/overview.md","eb9415d849698671b6fb763740d7b58ef9886911da895110da1ac73e2122c7e4"
"md","pact-broker-webhooks","tea","tea/agents/bmad-tea/resources/knowledge/pact-broker-webhooks.md","65a3bac89f90061946a6a1c58a775dd8fd26ecab645f664c15d7d20ded1bc73d"
"md","pact-broker-webhooks","tea","tea/workflows/testarch/bmad-testarch-atdd/resources/knowledge/pact-broker-webhooks.md","65a3bac89f90061946a6a1c58a775dd8fd26ecab645f664c15d7d20ded1bc73d"
"md","pact-broker-webhooks","tea","tea/workflows/testarch/bmad-testarch-automate/resources/knowledge/pact-broker-webhooks.md","65a3bac89f90061946a6a1c58a775dd8fd26ecab645f664c15d7d20ded1bc73d"
"md","pact-broker-webhooks","tea","tea/workflows/testarch/bmad-testarch-ci/resources/knowledge/pact-broker-webhooks.md","65a3bac89f90061946a6a1c58a775dd8fd26ecab645f664c15d7d20ded1bc73d"
"md","pact-broker-webhooks","tea","tea/workflows/testarch/bmad-testarch-framework/resources/knowledge/pact-broker-webhooks.md","65a3bac89f90061946a6a1c58a775dd8fd26ecab645f664c15d7d20ded1bc73d"
"md","pact-broker-webhooks","tea","tea/workflows/testarch/bmad-testarch-nfr/resources/knowledge/pact-broker-webhooks.md","65a3bac89f90061946a6a1c58a775dd8fd26ecab645f664c15d7d20ded1bc73d"
"md","pact-broker-webhooks","tea","tea/workflows/testarch/bmad-testarch-test-design/resources/knowledge/pact-broker-webhooks.md","65a3bac89f90061946a6a1c58a775dd8fd26ecab645f664c15d7d20ded1bc73d"
"md","pact-broker-webhooks","tea","tea/workflows/testarch/bmad-testarch-test-review/resources/knowledge/pact-broker-webhooks.md","65a3bac89f90061946a6a1c58a775dd8fd26ecab645f664c15d7d20ded1bc73d"
"md","pact-broker-webhooks","tea","tea/workflows/testarch/bmad-testarch-trace/resources/knowledge/pact-broker-webhooks.md","65a3bac89f90061946a6a1c58a775dd8fd26ecab645f664c15d7d20ded1bc73d"
"md","pact-consumer-di","tea","tea/agents/bmad-tea/resources/knowledge/pact-consumer-di.md","8da93042ab11ad2e59ae8e37d44567d7bfec77760bb72467bde0d03987ebadce"
"md","pact-consumer-di","tea","tea/workflows/testarch/bmad-testarch-atdd/resources/knowledge/pact-consumer-di.md","8da93042ab11ad2e59ae8e37d44567d7bfec77760bb72467bde0d03987ebadce"
"md","pact-consumer-di","tea","tea/workflows/testarch/bmad-testarch-automate/resources/knowledge/pact-consumer-di.md","8da93042ab11ad2e59ae8e37d44567d7bfec77760bb72467bde0d03987ebadce"
"md","pact-consumer-di","tea","tea/workflows/testarch/bmad-testarch-ci/resources/knowledge/pact-consumer-di.md","8da93042ab11ad2e59ae8e37d44567d7bfec77760bb72467bde0d03987ebadce"
"md","pact-consumer-di","tea","tea/workflows/testarch/bmad-testarch-framework/resources/knowledge/pact-consumer-di.md","8da93042ab11ad2e59ae8e37d44567d7bfec77760bb72467bde0d03987ebadce"
"md","pact-consumer-di","tea","tea/workflows/testarch/bmad-testarch-nfr/resources/knowledge/pact-consumer-di.md","8da93042ab11ad2e59ae8e37d44567d7bfec77760bb72467bde0d03987ebadce"
"md","pact-consumer-di","tea","tea/workflows/testarch/bmad-testarch-test-design/resources/knowledge/pact-consumer-di.md","8da93042ab11ad2e59ae8e37d44567d7bfec77760bb72467bde0d03987ebadce"
"md","pact-consumer-di","tea","tea/workflows/testarch/bmad-testarch-test-review/resources/knowledge/pact-consumer-di.md","8da93042ab11ad2e59ae8e37d44567d7bfec77760bb72467bde0d03987ebadce"
"md","pact-consumer-di","tea","tea/workflows/testarch/bmad-testarch-trace/resources/knowledge/pact-consumer-di.md","8da93042ab11ad2e59ae8e37d44567d7bfec77760bb72467bde0d03987ebadce"
"md","pact-consumer-framework-setup","tea","tea/agents/bmad-tea/resources/knowledge/pact-consumer-framework-setup.md","5850a0acd23388ee2b46d7b1bae90c1e7eed493d2d02bc866f9f5f2fdd7315b6"
"md","pact-consumer-framework-setup","tea","tea/workflows/testarch/bmad-testarch-atdd/resources/knowledge/pact-consumer-framework-setup.md","5850a0acd23388ee2b46d7b1bae90c1e7eed493d2d02bc866f9f5f2fdd7315b6"
"md","pact-consumer-framework-setup","tea","tea/workflows/testarch/bmad-testarch-automate/resources/knowledge/pact-consumer-framework-setup.md","5850a0acd23388ee2b46d7b1bae90c1e7eed493d2d02bc866f9f5f2fdd7315b6"
"md","pact-consumer-framework-setup","tea","tea/workflows/testarch/bmad-testarch-ci/resources/knowledge/pact-consumer-framework-setup.md","5850a0acd23388ee2b46d7b1bae90c1e7eed493d2d02bc866f9f5f2fdd7315b6"
"md","pact-consumer-framework-setup","tea","tea/workflows/testarch/bmad-testarch-framework/resources/knowledge/pact-consumer-framework-setup.md","5850a0acd23388ee2b46d7b1bae90c1e7eed493d2d02bc866f9f5f2fdd7315b6"
"md","pact-consumer-framework-setup","tea","tea/workflows/testarch/bmad-testarch-nfr/resources/knowledge/pact-consumer-framework-setup.md","5850a0acd23388ee2b46d7b1bae90c1e7eed493d2d02bc866f9f5f2fdd7315b6"
"md","pact-consumer-framework-setup","tea","tea/workflows/testarch/bmad-testarch-test-design/resources/knowledge/pact-consumer-framework-setup.md","5850a0acd23388ee2b46d7b1bae90c1e7eed493d2d02bc866f9f5f2fdd7315b6"
"md","pact-consumer-framework-setup","tea","tea/workflows/testarch/bmad-testarch-test-review/resources/knowledge/pact-consumer-framework-setup.md","5850a0acd23388ee2b46d7b1bae90c1e7eed493d2d02bc866f9f5f2fdd7315b6"
"md","pact-consumer-framework-setup","tea","tea/workflows/testarch/bmad-testarch-trace/resources/knowledge/pact-consumer-framework-setup.md","5850a0acd23388ee2b46d7b1bae90c1e7eed493d2d02bc866f9f5f2fdd7315b6"
"md","pact-mcp","tea","tea/agents/bmad-tea/resources/knowledge/pact-mcp.md","e84a339df5fdfacafed538fcc2f0f8386a02a135f51f810235a05b0caa184fcb"
"md","pact-mcp","tea","tea/workflows/testarch/bmad-testarch-atdd/resources/knowledge/pact-mcp.md","e84a339df5fdfacafed538fcc2f0f8386a02a135f51f810235a05b0caa184fcb"
"md","pact-mcp","tea","tea/workflows/testarch/bmad-testarch-automate/resources/knowledge/pact-mcp.md","e84a339df5fdfacafed538fcc2f0f8386a02a135f51f810235a05b0caa184fcb"
"md","pact-mcp","tea","tea/workflows/testarch/bmad-testarch-ci/resources/knowledge/pact-mcp.md","e84a339df5fdfacafed538fcc2f0f8386a02a135f51f810235a05b0caa184fcb"
"md","pact-mcp","tea","tea/workflows/testarch/bmad-testarch-framework/resources/knowledge/pact-mcp.md","e84a339df5fdfacafed538fcc2f0f8386a02a135f51f810235a05b0caa184fcb"
"md","pact-mcp","tea","tea/workflows/testarch/bmad-testarch-nfr/resources/knowledge/pact-mcp.md","e84a339df5fdfacafed538fcc2f0f8386a02a135f51f810235a05b0caa184fcb"
"md","pact-mcp","tea","tea/workflows/testarch/bmad-testarch-test-design/resources/knowledge/pact-mcp.md","e84a339df5fdfacafed538fcc2f0f8386a02a135f51f810235a05b0caa184fcb"
"md","pact-mcp","tea","tea/workflows/testarch/bmad-testarch-test-review/resources/knowledge/pact-mcp.md","e84a339df5fdfacafed538fcc2f0f8386a02a135f51f810235a05b0caa184fcb"
"md","pact-mcp","tea","tea/workflows/testarch/bmad-testarch-trace/resources/knowledge/pact-mcp.md","e84a339df5fdfacafed538fcc2f0f8386a02a135f51f810235a05b0caa184fcb"
"md","pactjs-utils-consumer-helpers","tea","tea/agents/bmad-tea/resources/knowledge/pactjs-utils-consumer-helpers.md","82c21a71ea7cfafb4bb4c4d74eb83cb4134b7ca93aeae626a9b79868b3d621c9"
"md","pactjs-utils-consumer-helpers","tea","tea/workflows/testarch/bmad-testarch-atdd/resources/knowledge/pactjs-utils-consumer-helpers.md","82c21a71ea7cfafb4bb4c4d74eb83cb4134b7ca93aeae626a9b79868b3d621c9"
"md","pactjs-utils-consumer-helpers","tea","tea/workflows/testarch/bmad-testarch-automate/resources/knowledge/pactjs-utils-consumer-helpers.md","82c21a71ea7cfafb4bb4c4d74eb83cb4134b7ca93aeae626a9b79868b3d621c9"
"md","pactjs-utils-consumer-helpers","tea","tea/workflows/testarch/bmad-testarch-ci/resources/knowledge/pactjs-utils-consumer-helpers.md","82c21a71ea7cfafb4bb4c4d74eb83cb4134b7ca93aeae626a9b79868b3d621c9"
"md","pactjs-utils-consumer-helpers","tea","tea/workflows/testarch/bmad-testarch-framework/resources/knowledge/pactjs-utils-consumer-helpers.md","82c21a71ea7cfafb4bb4c4d74eb83cb4134b7ca93aeae626a9b79868b3d621c9"
"md","pactjs-utils-consumer-helpers","tea","tea/workflows/testarch/bmad-testarch-nfr/resources/knowledge/pactjs-utils-consumer-helpers.md","82c21a71ea7cfafb4bb4c4d74eb83cb4134b7ca93aeae626a9b79868b3d621c9"
"md","pactjs-utils-consumer-helpers","tea","tea/workflows/testarch/bmad-testarch-test-design/resources/knowledge/pactjs-utils-consumer-helpers.md","82c21a71ea7cfafb4bb4c4d74eb83cb4134b7ca93aeae626a9b79868b3d621c9"
"md","pactjs-utils-consumer-helpers","tea","tea/workflows/testarch/bmad-testarch-test-review/resources/knowledge/pactjs-utils-consumer-helpers.md","82c21a71ea7cfafb4bb4c4d74eb83cb4134b7ca93aeae626a9b79868b3d621c9"
"md","pactjs-utils-consumer-helpers","tea","tea/workflows/testarch/bmad-testarch-trace/resources/knowledge/pactjs-utils-consumer-helpers.md","82c21a71ea7cfafb4bb4c4d74eb83cb4134b7ca93aeae626a9b79868b3d621c9"
"md","pactjs-utils-mandate","tea","tea/agents/bmad-tea/resources/knowledge/pactjs-utils-mandate.md","74b1dae511c46a2c3255f20b3a7405226ed7eceb47246d809f4388520e7ba529"
"md","pactjs-utils-mandate","tea","tea/workflows/testarch/bmad-testarch-atdd/resources/knowledge/pactjs-utils-mandate.md","74b1dae511c46a2c3255f20b3a7405226ed7eceb47246d809f4388520e7ba529"
"md","pactjs-utils-mandate","tea","tea/workflows/testarch/bmad-testarch-automate/resources/knowledge/pactjs-utils-mandate.md","74b1dae511c46a2c3255f20b3a7405226ed7eceb47246d809f4388520e7ba529"
"md","pactjs-utils-mandate","tea","tea/workflows/testarch/bmad-testarch-ci/resources/knowledge/pactjs-utils-mandate.md","74b1dae511c46a2c3255f20b3a7405226ed7eceb47246d809f4388520e7ba529"
"md","pactjs-utils-mandate","tea","tea/workflows/testarch/bmad-testarch-framework/resources/knowledge/pactjs-utils-mandate.md","74b1dae511c46a2c3255f20b3a7405226ed7eceb47246d809f4388520e7ba529"
"md","pactjs-utils-mandate","tea","tea/workflows/testarch/bmad-testarch-nfr/resources/knowledge/pactjs-utils-mandate.md","74b1dae511c46a2c3255f20b3a7405226ed7eceb47246d809f4388520e7ba529"
"md","pactjs-utils-mandate","tea","tea/workflows/testarch/bmad-testarch-test-design/resources/knowledge/pactjs-utils-mandate.md","74b1dae511c46a2c3255f20b3a7405226ed7eceb47246d809f4388520e7ba529"
"md","pactjs-utils-mandate","tea","tea/workflows/testarch/bmad-testarch-test-review/resources/knowledge/pactjs-utils-mandate.md","74b1dae511c46a2c3255f20b3a7405226ed7eceb47246d809f4388520e7ba529"
"md","pactjs-utils-mandate","tea","tea/workflows/testarch/bmad-testarch-trace/resources/knowledge/pactjs-utils-mandate.md","74b1dae511c46a2c3255f20b3a7405226ed7eceb47246d809f4388520e7ba529"
"md","pactjs-utils-overview","tea","tea/agents/bmad-tea/resources/knowledge/pactjs-utils-overview.md","9114c063000183640f8af153808befcf62040b85d9de44087eabf56e245774cb"
"md","pactjs-utils-overview","tea","tea/workflows/testarch/bmad-testarch-atdd/resources/knowledge/pactjs-utils-overview.md","9114c063000183640f8af153808befcf62040b85d9de44087eabf56e245774cb"
"md","pactjs-utils-overview","tea","tea/workflows/testarch/bmad-testarch-automate/resources/knowledge/pactjs-utils-overview.md","9114c063000183640f8af153808befcf62040b85d9de44087eabf56e245774cb"
"md","pactjs-utils-overview","tea","tea/workflows/testarch/bmad-testarch-ci/resources/knowledge/pactjs-utils-overview.md","9114c063000183640f8af153808befcf62040b85d9de44087eabf56e245774cb"
"md","pactjs-utils-overview","tea","tea/workflows/testarch/bmad-testarch-framework/resources/knowledge/pactjs-utils-overview.md","9114c063000183640f8af153808befcf62040b85d9de44087eabf56e245774cb"
"md","pactjs-utils-overview","tea","tea/workflows/testarch/bmad-testarch-nfr/resources/knowledge/pactjs-utils-overview.md","9114c063000183640f8af153808befcf62040b85d9de44087eabf56e245774cb"
"md","pactjs-utils-overview","tea","tea/workflows/testarch/bmad-testarch-test-design/resources/knowledge/pactjs-utils-overview.md","9114c063000183640f8af153808befcf62040b85d9de44087eabf56e245774cb"
"md","pactjs-utils-overview","tea","tea/workflows/testarch/bmad-testarch-test-review/resources/knowledge/pactjs-utils-overview.md","9114c063000183640f8af153808befcf62040b85d9de44087eabf56e245774cb"
"md","pactjs-utils-overview","tea","tea/workflows/testarch/bmad-testarch-trace/resources/knowledge/pactjs-utils-overview.md","9114c063000183640f8af153808befcf62040b85d9de44087eabf56e245774cb"
"md","pactjs-utils-provider-verifier","tea","tea/agents/bmad-tea/resources/knowledge/pactjs-utils-provider-verifier.md","9f1537ff0f504c45298f891e581128d611733f7bcbaaefd871d5df1ddbb3ece1"
"md","pactjs-utils-provider-verifier","tea","tea/workflows/testarch/bmad-testarch-atdd/resources/knowledge/pactjs-utils-provider-verifier.md","9f1537ff0f504c45298f891e581128d611733f7bcbaaefd871d5df1ddbb3ece1"
"md","pactjs-utils-provider-verifier","tea","tea/workflows/testarch/bmad-testarch-automate/resources/knowledge/pactjs-utils-provider-verifier.md","9f1537ff0f504c45298f891e581128d611733f7bcbaaefd871d5df1ddbb3ece1"
"md","pactjs-utils-provider-verifier","tea","tea/workflows/testarch/bmad-testarch-ci/resources/knowledge/pactjs-utils-provider-verifier.md","9f1537ff0f504c45298f891e581128d611733f7bcbaaefd871d5df1ddbb3ece1"
"md","pactjs-utils-provider-verifier","tea","tea/workflows/testarch/bmad-testarch-framework/resources/knowledge/pactjs-utils-provider-verifier.md","9f1537ff0f504c45298f891e581128d611733f7bcbaaefd871d5df1ddbb3ece1"
"md","pactjs-utils-provider-verifier","tea","tea/workflows/testarch/bmad-testarch-nfr/resources/knowledge/pactjs-utils-provider-verifier.md","9f1537ff0f504c45298f891e581128d611733f7bcbaaefd871d5df1ddbb3ece1"
"md","pactjs-utils-provider-verifier","tea","tea/workflows/testarch/bmad-testarch-test-design/resources/knowledge/pactjs-utils-provider-verifier.md","9f1537ff0f504c45298f891e581128d611733f7bcbaaefd871d5df1ddbb3ece1"
"md","pactjs-utils-provider-verifier","tea","tea/workflows/testarch/bmad-testarch-test-review/resources/knowledge/pactjs-utils-provider-verifier.md","9f1537ff0f504c45298f891e581128d611733f7bcbaaefd871d5df1ddbb3ece1"
"md","pactjs-utils-provider-verifier","tea","tea/workflows/testarch/bmad-testarch-trace/resources/knowledge/pactjs-utils-provider-verifier.md","9f1537ff0f504c45298f891e581128d611733f7bcbaaefd871d5df1ddbb3ece1"
"md","pactjs-utils-request-filter","tea","tea/agents/bmad-tea/resources/knowledge/pactjs-utils-request-filter.md","6f900300880f2544511436fa68c24268b3b28e0498af6dc43c848047a3cbff18"
"md","pactjs-utils-request-filter","tea","tea/workflows/testarch/bmad-testarch-atdd/resources/knowledge/pactjs-utils-request-filter.md","6f900300880f2544511436fa68c24268b3b28e0498af6dc43c848047a3cbff18"
"md","pactjs-utils-request-filter","tea","tea/workflows/testarch/bmad-testarch-automate/resources/knowledge/pactjs-utils-request-filter.md","6f900300880f2544511436fa68c24268b3b28e0498af6dc43c848047a3cbff18"
"md","pactjs-utils-request-filter","tea","tea/workflows/testarch/bmad-testarch-ci/resources/knowledge/pactjs-utils-request-filter.md","6f900300880f2544511436fa68c24268b3b28e0498af6dc43c848047a3cbff18"
"md","pactjs-utils-request-filter","tea","tea/workflows/testarch/bmad-testarch-framework/resources/knowledge/pactjs-utils-request-filter.md","6f900300880f2544511436fa68c24268b3b28e0498af6dc43c848047a3cbff18"
"md","pactjs-utils-request-filter","tea","tea/workflows/testarch/bmad-testarch-nfr/resources/knowledge/pactjs-utils-request-filter.md","6f900300880f2544511436fa68c24268b3b28e0498af6dc43c848047a3cbff18"
"md","pactjs-utils-request-filter","tea","tea/workflows/testarch/bmad-testarch-test-design/resources/knowledge/pactjs-utils-request-filter.md","6f900300880f2544511436fa68c24268b3b28e0498af6dc43c848047a3cbff18"
"md","pactjs-utils-request-filter","tea","tea/workflows/testarch/bmad-testarch-test-review/resources/knowledge/pactjs-utils-request-filter.md","6f900300880f2544511436fa68c24268b3b28e0498af6dc43c848047a3cbff18"
"md","pactjs-utils-request-filter","tea","tea/workflows/testarch/bmad-testarch-trace/resources/knowledge/pactjs-utils-request-filter.md","6f900300880f2544511436fa68c24268b3b28e0498af6dc43c848047a3cbff18"
"md","pactjs-utils-zod-to-pact","tea","tea/agents/bmad-tea/resources/knowledge/pactjs-utils-zod-to-pact.md","a02b0859122ef4f720818ea78a149799202d0baf7852936f05a2f5d0c49935a8"
"md","pactjs-utils-zod-to-pact","tea","tea/workflows/testarch/bmad-testarch-atdd/resources/knowledge/pactjs-utils-zod-to-pact.md","a02b0859122ef4f720818ea78a149799202d0baf7852936f05a2f5d0c49935a8"
"md","pactjs-utils-zod-to-pact","tea","tea/workflows/testarch/bmad-testarch-automate/resources/knowledge/pactjs-utils-zod-to-pact.md","a02b0859122ef4f720818ea78a149799202d0baf7852936f05a2f5d0c49935a8"
"md","pactjs-utils-zod-to-pact","tea","tea/workflows/testarch/bmad-testarch-ci/resources/knowledge/pactjs-utils-zod-to-pact.md","a02b0859122ef4f720818ea78a149799202d0baf7852936f05a2f5d0c49935a8"
"md","pactjs-utils-zod-to-pact","tea","tea/workflows/testarch/bmad-testarch-framework/resources/knowledge/pactjs-utils-zod-to-pact.md","a02b0859122ef4f720818ea78a149799202d0baf7852936f05a2f5d0c49935a8"
"md","pactjs-utils-zod-to-pact","tea","tea/workflows/testarch/bmad-testarch-nfr/resources/knowledge/pactjs-utils-zod-to-pact.md","a02b0859122ef4f720818ea78a149799202d0baf7852936f05a2f5d0c49935a8"
"md","pactjs-utils-zod-to-pact","tea","tea/workflows/testarch/bmad-testarch-test-design/resources/knowledge/pactjs-utils-zod-to-pact.md","a02b0859122ef4f720818ea78a149799202d0baf7852936f05a2f5d0c49935a8"
"md","pactjs-utils-zod-to-pact","tea","tea/workflows/testarch/bmad-testarch-test-review/resources/knowledge/pactjs-utils-zod-to-pact.md","a02b0859122ef4f720818ea78a149799202d0baf7852936f05a2f5d0c49935a8"
"md","pactjs-utils-zod-to-pact","tea","tea/workflows/testarch/bmad-testarch-trace/resources/knowledge/pactjs-utils-zod-to-pact.md","a02b0859122ef4f720818ea78a149799202d0baf7852936f05a2f5d0c49935a8"
"md","playwright-cli","tea","tea/agents/bmad-tea/resources/knowledge/playwright-cli.md","f0aaff215a5da05d900c7f6d1eef70a3ea97637788ac37aadf5779ec24d91c09"
"md","playwright-cli","tea","tea/workflows/testarch/bmad-testarch-atdd/resources/knowledge/playwright-cli.md","f0aaff215a5da05d900c7f6d1eef70a3ea97637788ac37aadf5779ec24d91c09"
"md","playwright-cli","tea","tea/workflows/testarch/bmad-testarch-automate/resources/knowledge/playwright-cli.md","f0aaff215a5da05d900c7f6d1eef70a3ea97637788ac37aadf5779ec24d91c09"
"md","playwright-cli","tea","tea/workflows/testarch/bmad-testarch-ci/resources/knowledge/playwright-cli.md","f0aaff215a5da05d900c7f6d1eef70a3ea97637788ac37aadf5779ec24d91c09"
"md","playwright-cli","tea","tea/workflows/testarch/bmad-testarch-framework/resources/knowledge/playwright-cli.md","f0aaff215a5da05d900c7f6d1eef70a3ea97637788ac37aadf5779ec24d91c09"
"md","playwright-cli","tea","tea/workflows/testarch/bmad-testarch-nfr/resources/knowledge/playwright-cli.md","f0aaff215a5da05d900c7f6d1eef70a3ea97637788ac37aadf5779ec24d91c09"
"md","playwright-cli","tea","tea/workflows/testarch/bmad-testarch-test-design/resources/knowledge/playwright-cli.md","f0aaff215a5da05d900c7f6d1eef70a3ea97637788ac37aadf5779ec24d91c09"
"md","playwright-cli","tea","tea/workflows/testarch/bmad-testarch-test-review/resources/knowledge/playwright-cli.md","f0aaff215a5da05d900c7f6d1eef70a3ea97637788ac37aadf5779ec24d91c09"
"md","playwright-cli","tea","tea/workflows/testarch/bmad-testarch-trace/resources/knowledge/playwright-cli.md","f0aaff215a5da05d900c7f6d1eef70a3ea97637788ac37aadf5779ec24d91c09"
"md","playwright-config","tea","tea/agents/bmad-tea/resources/knowledge/playwright-config.md","6f7cbf42be005165f68d50090bf0e86227cd401b8e0119ad9e65e7cb2a05644e"
"md","playwright-config","tea","tea/workflows/testarch/bmad-testarch-atdd/resources/knowledge/playwright-config.md","6f7cbf42be005165f68d50090bf0e86227cd401b8e0119ad9e65e7cb2a05644e"
"md","playwright-config","tea","tea/workflows/testarch/bmad-testarch-automate/resources/knowledge/playwright-config.md","6f7cbf42be005165f68d50090bf0e86227cd401b8e0119ad9e65e7cb2a05644e"
"md","playwright-config","tea","tea/workflows/testarch/bmad-testarch-ci/resources/knowledge/playwright-config.md","6f7cbf42be005165f68d50090bf0e86227cd401b8e0119ad9e65e7cb2a05644e"
"md","playwright-config","tea","tea/workflows/testarch/bmad-testarch-framework/resources/knowledge/playwright-config.md","6f7cbf42be005165f68d50090bf0e86227cd401b8e0119ad9e65e7cb2a05644e"
"md","playwright-config","tea","tea/workflows/testarch/bmad-testarch-nfr/resources/knowledge/playwright-config.md","6f7cbf42be005165f68d50090bf0e86227cd401b8e0119ad9e65e7cb2a05644e"
"md","playwright-config","tea","tea/workflows/testarch/bmad-testarch-test-design/resources/knowledge/playwright-config.md","6f7cbf42be005165f68d50090bf0e86227cd401b8e0119ad9e65e7cb2a05644e"
"md","playwright-config","tea","tea/workflows/testarch/bmad-testarch-test-review/resources/knowledge/playwright-config.md","6f7cbf42be005165f68d50090bf0e86227cd401b8e0119ad9e65e7cb2a05644e"
"md","playwright-config","tea","tea/workflows/testarch/bmad-testarch-trace/resources/knowledge/playwright-config.md","6f7cbf42be005165f68d50090bf0e86227cd401b8e0119ad9e65e7cb2a05644e"
"md","playwright-utils-mandate","tea","tea/agents/bmad-tea/resources/knowledge/playwright-utils-mandate.md","d59b1a6e29d6b39dbf0dbf5e7b5f8d007a90cd979d47e437661a6fd85d8a73ed"
"md","playwright-utils-mandate","tea","tea/workflows/testarch/bmad-testarch-atdd/resources/knowledge/playwright-utils-mandate.md","d59b1a6e29d6b39dbf0dbf5e7b5f8d007a90cd979d47e437661a6fd85d8a73ed"
"md","playwright-utils-mandate","tea","tea/workflows/testarch/bmad-testarch-automate/resources/knowledge/playwright-utils-mandate.md","d59b1a6e29d6b39dbf0dbf5e7b5f8d007a90cd979d47e437661a6fd85d8a73ed"
"md","playwright-utils-mandate","tea","tea/workflows/testarch/bmad-testarch-ci/resources/knowledge/playwright-utils-mandate.md","d59b1a6e29d6b39dbf0dbf5e7b5f8d007a90cd979d47e437661a6fd85d8a73ed"
"md","playwright-utils-mandate","tea","tea/workflows/testarch/bmad-testarch-framework/resources/knowledge/playwright-utils-mandate.md","d59b1a6e29d6b39dbf0dbf5e7b5f8d007a90cd979d47e437661a6fd85d8a73ed"
"md","playwright-utils-mandate","tea","tea/workflows/testarch/bmad-testarch-nfr/resources/knowledge/playwright-utils-mandate.md","d59b1a6e29d6b39dbf0dbf5e7b5f8d007a90cd979d47e437661a6fd85d8a73ed"
"md","playwright-utils-mandate","tea","tea/workflows/testarch/bmad-testarch-test-design/resources/knowledge/playwright-utils-mandate.md","d59b1a6e29d6b39dbf0dbf5e7b5f8d007a90cd979d47e437661a6fd85d8a73ed"
"md","playwright-utils-mandate","tea","tea/workflows/testarch/bmad-testarch-test-review/resources/knowledge/playwright-utils-mandate.md","d59b1a6e29d6b39dbf0dbf5e7b5f8d007a90cd979d47e437661a6fd85d8a73ed"
"md","playwright-utils-mandate","tea","tea/workflows/testarch/bmad-testarch-trace/resources/knowledge/playwright-utils-mandate.md","d59b1a6e29d6b39dbf0dbf5e7b5f8d007a90cd979d47e437661a6fd85d8a73ed"
"md","probability-impact","tea","tea/agents/bmad-tea/resources/knowledge/probability-impact.md","3d301193efb3f466768289f108ae824aa9792b9aab1c8e97c61bb6422e2f895a"
"md","probability-impact","tea","tea/workflows/testarch/bmad-testarch-atdd/resources/knowledge/probability-impact.md","3d301193efb3f466768289f108ae824aa9792b9aab1c8e97c61bb6422e2f895a"
"md","probability-impact","tea","tea/workflows/testarch/bmad-testarch-automate/resources/knowledge/probability-impact.md","3d301193efb3f466768289f108ae824aa9792b9aab1c8e97c61bb6422e2f895a"
"md","probability-impact","tea","tea/workflows/testarch/bmad-testarch-ci/resources/knowledge/probability-impact.md","3d301193efb3f466768289f108ae824aa9792b9aab1c8e97c61bb6422e2f895a"
"md","probability-impact","tea","tea/workflows/testarch/bmad-testarch-framework/resources/knowledge/probability-impact.md","3d301193efb3f466768289f108ae824aa9792b9aab1c8e97c61bb6422e2f895a"
"md","probability-impact","tea","tea/workflows/testarch/bmad-testarch-nfr/resources/knowledge/probability-impact.md","3d301193efb3f466768289f108ae824aa9792b9aab1c8e97c61bb6422e2f895a"
"md","probability-impact","tea","tea/workflows/testarch/bmad-testarch-test-design/resources/knowledge/probability-impact.md","3d301193efb3f466768289f108ae824aa9792b9aab1c8e97c61bb6422e2f895a"
"md","probability-impact","tea","tea/workflows/testarch/bmad-testarch-test-review/resources/knowledge/probability-impact.md","3d301193efb3f466768289f108ae824aa9792b9aab1c8e97c61bb6422e2f895a"
"md","probability-impact","tea","tea/workflows/testarch/bmad-testarch-trace/resources/knowledge/probability-impact.md","3d301193efb3f466768289f108ae824aa9792b9aab1c8e97c61bb6422e2f895a"
"md","recurse","tea","tea/agents/bmad-tea/resources/knowledge/recurse.md","cf6e8fa4f0d40098004b36b79262773ae1ebe058a8275b3a6ec3ec4b9c1f6e8c"
"md","recurse","tea","tea/workflows/testarch/bmad-testarch-atdd/resources/knowledge/recurse.md","cf6e8fa4f0d40098004b36b79262773ae1ebe058a8275b3a6ec3ec4b9c1f6e8c"
"md","recurse","tea","tea/workflows/testarch/bmad-testarch-automate/resources/knowledge/recurse.md","cf6e8fa4f0d40098004b36b79262773ae1ebe058a8275b3a6ec3ec4b9c1f6e8c"
"md","recurse","tea","tea/workflows/testarch/bmad-testarch-ci/resources/knowledge/recurse.md","cf6e8fa4f0d40098004b36b79262773ae1ebe058a8275b3a6ec3ec4b9c1f6e8c"
"md","recurse","tea","tea/workflows/testarch/bmad-testarch-framework/resources/knowledge/recurse.md","cf6e8fa4f0d40098004b36b79262773ae1ebe058a8275b3a6ec3ec4b9c1f6e8c"
"md","recurse","tea","tea/workflows/testarch/bmad-testarch-nfr/resources/knowledge/recurse.md","cf6e8fa4f0d40098004b36b79262773ae1ebe058a8275b3a6ec3ec4b9c1f6e8c"
"md","recurse","tea","tea/workflows/testarch/bmad-testarch-test-design/resources/knowledge/recurse.md","cf6e8fa4f0d40098004b36b79262773ae1ebe058a8275b3a6ec3ec4b9c1f6e8c"
"md","recurse","tea","tea/workflows/testarch/bmad-testarch-test-review/resources/knowledge/recurse.md","cf6e8fa4f0d40098004b36b79262773ae1ebe058a8275b3a6ec3ec4b9c1f6e8c"
"md","recurse","tea","tea/workflows/testarch/bmad-testarch-trace/resources/knowledge/recurse.md","cf6e8fa4f0d40098004b36b79262773ae1ebe058a8275b3a6ec3ec4b9c1f6e8c"
"md","risk-governance","tea","tea/agents/bmad-tea/resources/knowledge/risk-governance.md","ec1da83d8d6a338b6c10160e2a1dfd5a03b4d2ec4c2f426844d4cc1bc8a0acdc"
"md","risk-governance","tea","tea/workflows/testarch/bmad-testarch-atdd/resources/knowledge/risk-governance.md","ec1da83d8d6a338b6c10160e2a1dfd5a03b4d2ec4c2f426844d4cc1bc8a0acdc"
"md","risk-governance","tea","tea/workflows/testarch/bmad-testarch-automate/resources/knowledge/risk-governance.md","ec1da83d8d6a338b6c10160e2a1dfd5a03b4d2ec4c2f426844d4cc1bc8a0acdc"
"md","risk-governance","tea","tea/workflows/testarch/bmad-testarch-ci/resources/knowledge/risk-governance.md","ec1da83d8d6a338b6c10160e2a1dfd5a03b4d2ec4c2f426844d4cc1bc8a0acdc"
"md","risk-governance","tea","tea/workflows/testarch/bmad-testarch-framework/resources/knowledge/risk-governance.md","ec1da83d8d6a338b6c10160e2a1dfd5a03b4d2ec4c2f426844d4cc1bc8a0acdc"
"md","risk-governance","tea","tea/workflows/testarch/bmad-testarch-nfr/resources/knowledge/risk-governance.md","ec1da83d8d6a338b6c10160e2a1dfd5a03b4d2ec4c2f426844d4cc1bc8a0acdc"
"md","risk-governance","tea","tea/workflows/testarch/bmad-testarch-test-design/resources/knowledge/risk-governance.md","ec1da83d8d6a338b6c10160e2a1dfd5a03b4d2ec4c2f426844d4cc1bc8a0acdc"
"md","risk-governance","tea","tea/workflows/testarch/bmad-testarch-test-review/resources/knowledge/risk-governance.md","ec1da83d8d6a338b6c10160e2a1dfd5a03b4d2ec4c2f426844d4cc1bc8a0acdc"
"md","risk-governance","tea","tea/workflows/testarch/bmad-testarch-trace/resources/knowledge/risk-governance.md","ec1da83d8d6a338b6c10160e2a1dfd5a03b4d2ec4c2f426844d4cc1bc8a0acdc"
"md","selective-testing","tea","tea/agents/bmad-tea/resources/knowledge/selective-testing.md","060651774648174fdbff0fe7b858bd81d7c3bce8ee5a53ed7c1ba56e4dd4bbe0"
"md","selective-testing","tea","tea/workflows/testarch/bmad-testarch-atdd/resources/knowledge/selective-testing.md","060651774648174fdbff0fe7b858bd81d7c3bce8ee5a53ed7c1ba56e4dd4bbe0"
"md","selective-testing","tea","tea/workflows/testarch/bmad-testarch-automate/resources/knowledge/selective-testing.md","060651774648174fdbff0fe7b858bd81d7c3bce8ee5a53ed7c1ba56e4dd4bbe0"
"md","selective-testing","tea","tea/workflows/testarch/bmad-testarch-ci/resources/knowledge/selective-testing.md","060651774648174fdbff0fe7b858bd81d7c3bce8ee5a53ed7c1ba56e4dd4bbe0"
"md","selective-testing","tea","tea/workflows/testarch/bmad-testarch-framework/resources/knowledge/selective-testing.md","060651774648174fdbff0fe7b858bd81d7c3bce8ee5a53ed7c1ba56e4dd4bbe0"
"md","selective-testing","tea","tea/workflows/testarch/bmad-testarch-nfr/resources/knowledge/selective-testing.md","060651774648174fdbff0fe7b858bd81d7c3bce8ee5a53ed7c1ba56e4dd4bbe0"
"md","selective-testing","tea","tea/workflows/testarch/bmad-testarch-test-design/resources/knowledge/selective-testing.md","060651774648174fdbff0fe7b858bd81d7c3bce8ee5a53ed7c1ba56e4dd4bbe0"
"md","selective-testing","tea","tea/workflows/testarch/bmad-testarch-test-review/resources/knowledge/selective-testing.md","060651774648174fdbff0fe7b858bd81d7c3bce8ee5a53ed7c1ba56e4dd4bbe0"
"md","selective-testing","tea","tea/workflows/testarch/bmad-testarch-trace/resources/knowledge/selective-testing.md","060651774648174fdbff0fe7b858bd81d7c3bce8ee5a53ed7c1ba56e4dd4bbe0"
"md","selector-resilience","tea","tea/agents/bmad-tea/resources/knowledge/selector-resilience.md","a55c25a340f1cd10811802665754a3f4eab0c82868fea61fea9cc61aa47ac179"
"md","selector-resilience","tea","tea/workflows/testarch/bmad-testarch-atdd/resources/knowledge/selector-resilience.md","a55c25a340f1cd10811802665754a3f4eab0c82868fea61fea9cc61aa47ac179"
"md","selector-resilience","tea","tea/workflows/testarch/bmad-testarch-automate/resources/knowledge/selector-resilience.md","a55c25a340f1cd10811802665754a3f4eab0c82868fea61fea9cc61aa47ac179"
"md","selector-resilience","tea","tea/workflows/testarch/bmad-testarch-ci/resources/knowledge/selector-resilience.md","a55c25a340f1cd10811802665754a3f4eab0c82868fea61fea9cc61aa47ac179"
"md","selector-resilience","tea","tea/workflows/testarch/bmad-testarch-framework/resources/knowledge/selector-resilience.md","a55c25a340f1cd10811802665754a3f4eab0c82868fea61fea9cc61aa47ac179"
"md","selector-resilience","tea","tea/workflows/testarch/bmad-testarch-nfr/resources/knowledge/selector-resilience.md","a55c25a340f1cd10811802665754a3f4eab0c82868fea61fea9cc61aa47ac179"
"md","selector-resilience","tea","tea/workflows/testarch/bmad-testarch-test-design/resources/knowledge/selector-resilience.md","a55c25a340f1cd10811802665754a3f4eab0c82868fea61fea9cc61aa47ac179"
"md","selector-resilience","tea","tea/workflows/testarch/bmad-testarch-test-review/resources/knowledge/selector-resilience.md","a55c25a340f1cd10811802665754a3f4eab0c82868fea61fea9cc61aa47ac179"
"md","selector-resilience","tea","tea/workflows/testarch/bmad-testarch-trace/resources/knowledge/selector-resilience.md","a55c25a340f1cd10811802665754a3f4eab0c82868fea61fea9cc61aa47ac179"
"md","session-notes-template","tea","tea/workflows/testarch/bmad-teach-me-testing/templates/session-notes-template.md","bdcc8dac35ed5ce2c7a95ab0fd55b2dfa27e3173ed1f5d78e44f8755514e1c70"
"md","SKILL","tea","tea/agents/bmad-tea/SKILL.md","4394e3c421d120be14ab6c41e84f02a026fe512a7a8617986caf119a061a2c1d"
"md","SKILL","tea","tea/workflows/testarch/bmad-teach-me-testing/SKILL.md","e911864a88874d682e42ef08394513bc79f62841290002093c5260114c350bc3"
"md","SKILL","tea","tea/workflows/testarch/bmad-testarch-atdd/SKILL.md","08e425cf8d7a0f499bb8254ba7f2f125c113e6e50f313ebff46de8b0f1eb7826"
"md","SKILL","tea","tea/workflows/testarch/bmad-testarch-automate/SKILL.md","eb817c6dbdb66391e3953b6c0ed0488c2bafdce00ac8b38705d428692586af26"
"md","SKILL","tea","tea/workflows/testarch/bmad-testarch-ci/SKILL.md","3d70fe8ade272f1b76e95fd6d66c866f3faec3811dc5c371fc774f8f7155be34"
"md","SKILL","tea","tea/workflows/testarch/bmad-testarch-framework/SKILL.md","cdfe744261ef8f6dcb542aa89caa2ba02460fba037ebbba38277967a197b5647"
"md","SKILL","tea","tea/workflows/testarch/bmad-testarch-nfr/SKILL.md","bd17dd91ca66d28ac7096466783cf3355294a35b8e5a9b068d37013639393b28"
"md","SKILL","tea","tea/workflows/testarch/bmad-testarch-test-design/SKILL.md","82c76fcafc36db03b1448d680f1b93ebe7149e8755045dbf182983b9560dc885"
"md","SKILL","tea","tea/workflows/testarch/bmad-testarch-test-review/SKILL.md","67925ce44c7084e3fef304ddacb173d6e9634871211fb12d866ce462e957812d"
"md","SKILL","tea","tea/workflows/testarch/bmad-testarch-trace/SKILL.md","8b53137f92ab7d964c12b8dcec8b1825cb6a6e84b64fa9d98459d3a589141eb1"
"md","step-01-assess","tea","tea/workflows/testarch/bmad-testarch-atdd/steps-e/step-01-assess.md","3b6b684b315dcb484e36fa5edadbd3b6e7c82d0b848a3a850ea528335254b9c2"
"md","step-01-assess","tea","tea/workflows/testarch/bmad-testarch-automate/steps-e/step-01-assess.md","3b6b684b315dcb484e36fa5edadbd3b6e7c82d0b848a3a850ea528335254b9c2"
"md","step-01-assess","tea","tea/workflows/testarch/bmad-testarch-ci/steps-e/step-01-assess.md","3b6b684b315dcb484e36fa5edadbd3b6e7c82d0b848a3a850ea528335254b9c2"
"md","step-01-assess","tea","tea/workflows/testarch/bmad-testarch-framework/steps-e/step-01-assess.md","3b6b684b315dcb484e36fa5edadbd3b6e7c82d0b848a3a850ea528335254b9c2"
"md","step-01-assess","tea","tea/workflows/testarch/bmad-testarch-nfr/steps-e/step-01-assess.md","3b6b684b315dcb484e36fa5edadbd3b6e7c82d0b848a3a850ea528335254b9c2"
"md","step-01-assess","tea","tea/workflows/testarch/bmad-testarch-test-design/steps-e/step-01-assess.md","3b6b684b315dcb484e36fa5edadbd3b6e7c82d0b848a3a850ea528335254b9c2"
"md","step-01-assess","tea","tea/workflows/testarch/bmad-testarch-test-review/steps-e/step-01-assess.md","3b6b684b315dcb484e36fa5edadbd3b6e7c82d0b848a3a850ea528335254b9c2"
"md","step-01-assess","tea","tea/workflows/testarch/bmad-testarch-trace/steps-e/step-01-assess.md","3b6b684b315dcb484e36fa5edadbd3b6e7c82d0b848a3a850ea528335254b9c2"
"md","step-01-detect-mode","tea","tea/workflows/testarch/bmad-testarch-test-design/steps-c/step-01-detect-mode.md","bde46fb32a38b34af13521ec7213969e0f680487e9670290c554e59625f2bb16"
"md","step-01-init","tea","tea/workflows/testarch/bmad-teach-me-testing/steps-c/step-01-init.md","f79263820de8c26f4211aefc5d41dabcdd49aa9696564956680b1590bb7ca3c4"
"md","step-01-load-context","tea","tea/workflows/testarch/bmad-testarch-nfr/steps-c/step-01-load-context.md","8c3d99b02fe31d2cef54d4084eaa7abd93106e866793122c5e1246c96f83b7a6"
"md","step-01-load-context","tea","tea/workflows/testarch/bmad-testarch-test-review/steps-c/step-01-load-context.md","57114ed5f2c2d178216dbf558bb13144401f09dbb711dfae0b004135b82327f4"
"md","step-01-load-context","tea","tea/workflows/testarch/bmad-testarch-trace/steps-c/step-01-load-context.md","fc97a76df95ca7ff8c3d9bad4088360c94acf476a4e1de0f7c4bf2b2bd44d30f"
"md","step-01-preflight","tea","tea/workflows/testarch/bmad-testarch-ci/steps-c/step-01-preflight.md","98cd15f9ae9da3aab459239d44c7b025142d2a71d05031436f575e018ff603e6"
"md","step-01-preflight","tea","tea/workflows/testarch/bmad-testarch-framework/steps-c/step-01-preflight.md","51d284aea0f1883633ff65f21fd91fb5ee1608da87a307d27af56b00dec2a833"
"md","step-01-preflight-and-context","tea","tea/workflows/testarch/bmad-testarch-atdd/steps-c/step-01-preflight-and-context.md","e0e1481ad80b384b9858490f4f2f475a5c21367102b022e67bc6eff3519b057c"
"md","step-01-preflight-and-context","tea","tea/workflows/testarch/bmad-testarch-automate/steps-c/step-01-preflight-and-context.md","5b4204a73577d71517210049399b170254aa36ccdc18cab8d2305ec6bdf66803"
"md","step-01-validate","tea","tea/workflows/testarch/bmad-testarch-atdd/steps-v/step-01-validate.md","1c2f70ed891a88a20fb3850fcb2e8bf4033f55a10c01337a7365ecba2caa918b"
"md","step-01-validate","tea","tea/workflows/testarch/bmad-testarch-automate/steps-v/step-01-validate.md","125ba0bda6bfcf2cb7fd645da958495c55779ccd0169988e89c8585cbabfbd3a"
"md","step-01-validate","tea","tea/workflows/testarch/bmad-testarch-ci/steps-v/step-01-validate.md","ae08d692acfbd24076f86007445a6d4bbfc35b028f43b21c697e71bcb0398a98"
"md","step-01-validate","tea","tea/workflows/testarch/bmad-testarch-framework/steps-v/step-01-validate.md","50df977b589edb18a9c42e24a4eaab1bbea7625ce9b9c967df2198944b255b33"
"md","step-01-validate","tea","tea/workflows/testarch/bmad-testarch-nfr/steps-v/step-01-validate.md","41d09f1acdc025fa709c7334096f365f4be6baa445aab62e99ddf4f62b5d187f"
"md","step-01-validate","tea","tea/workflows/testarch/bmad-testarch-test-design/steps-v/step-01-validate.md","bd5dbff51e9f1740e410d1e0c161886e37195ffdf3632d429f12d804f7e8b1e2"
"md","step-01-validate","tea","tea/workflows/testarch/bmad-testarch-test-review/steps-v/step-01-validate.md","b279578004157dba1a96662f928f260a0a058ca545d9a384165f49a9bd8516ff"
"md","step-01-validate","tea","tea/workflows/testarch/bmad-testarch-trace/steps-v/step-01-validate.md","eece1a4a2512c2d6fcfe80bb47df88b672e1f286aff64ca98e8016576a520ed4"
"md","step-01b-continue","tea","tea/workflows/testarch/bmad-teach-me-testing/steps-c/step-01b-continue.md","1439cc4616a5c4466190f342253a20aa6178f8bdb8bb50c8195185ca35f8ea07"
"md","step-01b-resume","tea","tea/workflows/testarch/bmad-testarch-atdd/steps-c/step-01b-resume.md","45f951a8606c4de5ff2d0a7e809c12e50483a3a9e347eda3ed485c79b986ac5f"
"md","step-01b-resume","tea","tea/workflows/testarch/bmad-testarch-automate/steps-c/step-01b-resume.md","60153862c91240326628d85284357dbd7688636b43c5a04c00a96926aeb71d3b"
"md","step-01b-resume","tea","tea/workflows/testarch/bmad-testarch-ci/steps-c/step-01b-resume.md","b1e63561bfc0808481e6c408c94d4c1fcf12e0b204c8a9d9d0974040ab65d02d"
"md","step-01b-resume","tea","tea/workflows/testarch/bmad-testarch-framework/steps-c/step-01b-resume.md","c9e5bffd9fa15d28089442b960e3fb6c72a2f04c6cae911378d7362af9b77296"
"md","step-01b-resume","tea","tea/workflows/testarch/bmad-testarch-nfr/steps-c/step-01b-resume.md","15dca197639b5fcdcec04295cac1352ff0fb576643614b96d502e1a4f676fd34"
"md","step-01b-resume","tea","tea/workflows/testarch/bmad-testarch-test-design/steps-c/step-01b-resume.md","d75ad5d432f19ad27d01c199e3810faea64aef2cb23f6c3e1deba81cbf29d84b"
"md","step-01b-resume","tea","tea/workflows/testarch/bmad-testarch-test-review/steps-c/step-01b-resume.md","76a4534734133cd90fa3cd2c69e43128a3b2c953e4316600d6e564b9275119c9"
"md","step-01b-resume","tea","tea/workflows/testarch/bmad-testarch-trace/steps-c/step-01b-resume.md","8acc6fe769e7b99daa1f4c446ec3130bae804d969b4b1166f6d8b4220bcf7b08"
"md","step-02-apply-edit","tea","tea/workflows/testarch/bmad-testarch-atdd/steps-e/step-02-apply-edit.md","e91adf57c17b5d8f984fe4a1fc1090910ee0a6bb31e81dae19af8ca06e406e0a"
"md","step-02-apply-edit","tea","tea/workflows/testarch/bmad-testarch-automate/steps-e/step-02-apply-edit.md","e91adf57c17b5d8f984fe4a1fc1090910ee0a6bb31e81dae19af8ca06e406e0a"
"md","step-02-apply-edit","tea","tea/workflows/testarch/bmad-testarch-ci/steps-e/step-02-apply-edit.md","e91adf57c17b5d8f984fe4a1fc1090910ee0a6bb31e81dae19af8ca06e406e0a"
"md","step-02-apply-edit","tea","tea/workflows/testarch/bmad-testarch-framework/steps-e/step-02-apply-edit.md","e91adf57c17b5d8f984fe4a1fc1090910ee0a6bb31e81dae19af8ca06e406e0a"
"md","step-02-apply-edit","tea","tea/workflows/testarch/bmad-testarch-nfr/steps-e/step-02-apply-edit.md","e91adf57c17b5d8f984fe4a1fc1090910ee0a6bb31e81dae19af8ca06e406e0a"
"md","step-02-apply-edit","tea","tea/workflows/testarch/bmad-testarch-test-design/steps-e/step-02-apply-edit.md","e91adf57c17b5d8f984fe4a1fc1090910ee0a6bb31e81dae19af8ca06e406e0a"
"md","step-02-apply-edit","tea","tea/workflows/testarch/bmad-testarch-test-review/steps-e/step-02-apply-edit.md","e91adf57c17b5d8f984fe4a1fc1090910ee0a6bb31e81dae19af8ca06e406e0a"
"md","step-02-apply-edit","tea","tea/workflows/testarch/bmad-testarch-trace/steps-e/step-02-apply-edit.md","e91adf57c17b5d8f984fe4a1fc1090910ee0a6bb31e81dae19af8ca06e406e0a"
"md","step-02-assess","tea","tea/workflows/testarch/bmad-teach-me-testing/steps-c/step-02-assess.md","6a40830751d93b7262e8042d6d88cff7e38464f39e88775137e4d3ed913d7fd3"
"md","step-02-define-thresholds","tea","tea/workflows/testarch/bmad-testarch-nfr/steps-c/step-02-define-thresholds.md","4a7c068e6d266476927c833f8a8aabe85b82bc824827bb04fe300e5e21281db9"
"md","step-02-discover-tests","tea","tea/workflows/testarch/bmad-testarch-test-review/steps-c/step-02-discover-tests.md","a333b97bd85ddc2fb68faf5a8527c1b3bc24535128e5adb289b63f6de48357f4"
"md","step-02-discover-tests","tea","tea/workflows/testarch/bmad-testarch-trace/steps-c/step-02-discover-tests.md","4893387288b9dd8756945eac8786729213bf03ee939c1be90f2a1aa54ce713db"
"md","step-02-generate-pipeline","tea","tea/workflows/testarch/bmad-testarch-ci/steps-c/step-02-generate-pipeline.md","8ac9f3505bd95884af7701c8306058c81ac913e60be53729456653fe60d5bca5"
"md","step-02-generation-mode","tea","tea/workflows/testarch/bmad-testarch-atdd/steps-c/step-02-generation-mode.md","0edcf6694ef40be0a2bd3f39766399fb52b29fadd51ef77a3c1d3dfa96f4a4e1"
"md","step-02-identify-targets","tea","tea/workflows/testarch/bmad-testarch-automate/steps-c/step-02-identify-targets.md","34972ecd02f8ac0a10fc6f3b7dee048c5ca47a82cabc89ae1d8894e237d93836"
"md","step-02-load-context","tea","tea/workflows/testarch/bmad-testarch-test-design/steps-c/step-02-load-context.md","198f27d154030ab561e6f254499d2d9df099838eb6d0cfa0da42b5d1053b6473"
"md","step-02-select-framework","tea","tea/workflows/testarch/bmad-testarch-framework/steps-c/step-02-select-framework.md","0e3b9220c75a1c27f746335aacb76f451b54c7da7c7330adfb3f1799ca02061c"
"md","step-03-configure-quality-gates","tea","tea/workflows/testarch/bmad-testarch-ci/steps-c/step-03-configure-quality-gates.md","c58a107af6653aedc6e6009c2cef0594dd48e06591571c4731e91872494e8b90"
"md","step-03-gather-evidence","tea","tea/workflows/testarch/bmad-testarch-nfr/steps-c/step-03-gather-evidence.md","3b8bd509f74d05028894a752ba3a666dc9c4cdee77fe5c4d5a4b609c02f1702d"
"md","step-03-generate-tests","tea","tea/workflows/testarch/bmad-testarch-automate/steps-c/step-03-generate-tests.md","7aba2e7074aae8578b58e6af8adbe8d6691546656fe3021c380a7554ab0c676d"
"md","step-03-map-criteria","tea","tea/workflows/testarch/bmad-testarch-trace/steps-c/step-03-map-criteria.md","89bcb53b7d8b8bf3771b43c67228ef99f2fe5badf9d1dd60ec37d7bd587e31b8"
"md","step-03-quality-evaluation","tea","tea/workflows/testarch/bmad-testarch-test-review/steps-c/step-03-quality-evaluation.md","d284d6f7ce4b7ad542a1e065951f6c952df12045c083ff8da1f43aba01f5cb90"
"md","step-03-risk-and-testability","tea","tea/workflows/testarch/bmad-testarch-test-design/steps-c/step-03-risk-and-testability.md","3eddd6afbe6ac7e1267d42dc1cf301e3b4a5b3fb37e1ad7ce2f62f8a5fba522b"
"md","step-03-scaffold-framework","tea","tea/workflows/testarch/bmad-testarch-framework/steps-c/step-03-scaffold-framework.md","19548f0466c03fb6ba20aa53d230df87f8b85ac8252c1711ad4fd853140dfe25"
"md","step-03-session-menu","tea","tea/workflows/testarch/bmad-teach-me-testing/steps-c/step-03-session-menu.md","98fdb39dc5ce78312c137b7f9f4ac7fc7d6355924f30056f3fb62f8d72e0a561"
"md","step-03-test-strategy","tea","tea/workflows/testarch/bmad-testarch-atdd/steps-c/step-03-test-strategy.md","e5301713d80b141bbf789d47f7488d5d08e89b596d90fe3b483590e4545c1cd3"
"md","step-03a-subagent-api","tea","tea/workflows/testarch/bmad-testarch-automate/steps-c/step-03a-subagent-api.md","3d6d03881af711cdc9ac7f360c5b6fec0be89f14abe6abf4d82cb4b33d377a6c"
"md","step-03a-subagent-determinism","tea","tea/workflows/testarch/bmad-testarch-test-review/steps-c/step-03a-subagent-determinism.md","7da2a2a0fbafbe613b7ec1340c48da1f5294a599b1ab4c95f991dbd537264157"
"md","step-03b-subagent-backend","tea","tea/workflows/testarch/bmad-testarch-automate/steps-c/step-03b-subagent-backend.md","a618d48ba9d8cb4b412b5bf455dc7cf883448b7f2fa6ab832424bbd255fa1844"
"md","step-03b-subagent-e2e","tea","tea/workflows/testarch/bmad-testarch-automate/steps-c/step-03b-subagent-e2e.md","3af11a3e073355e2cec275599cd835f9c2f85c41266e7e875e26656530fc0841"
"md","step-03b-subagent-isolation","tea","tea/workflows/testarch/bmad-testarch-test-review/steps-c/step-03b-subagent-isolation.md","b5b5dec99963fa2992c5aa51524c134d6cca6850021e60e4ec9abd975af00bbf"
"md","step-03b-subagent-mobile","tea","tea/workflows/testarch/bmad-testarch-automate/steps-c/step-03b-subagent-mobile.md","e0b3ced1aa8f3bee37880e1f03df2ff8464cdc26dbb15e2248f959ec426bf121"
"md","step-03c-aggregate","tea","tea/workflows/testarch/bmad-testarch-automate/steps-c/step-03c-aggregate.md","abc9d768c9baccd7a18abee09e0819f11ef1fd3127880bcc5405e3274971ff38"
"md","step-03c-subagent-maintainability","tea","tea/workflows/testarch/bmad-testarch-test-review/steps-c/step-03c-subagent-maintainability.md","5c3ef8ce7d8a8b69faa53d3a3c1af7e9f294dc43b562143a0c492eba2d35f9fa"
"md","step-03e-subagent-performance","tea","tea/workflows/testarch/bmad-testarch-test-review/steps-c/step-03e-subagent-performance.md","15cb2599a87095c5309983c2fe0eddbf6910c828fd48f90ab85793237e8d76ee"
"md","step-03f-aggregate-scores","tea","tea/workflows/testarch/bmad-testarch-test-review/steps-c/step-03f-aggregate-scores.md","be02c5df53ef8a2756cb3b08e6513bf5f551765433bcaf297e84fe45341f1afb"
"md","step-04-analyze-gaps","tea","tea/workflows/testarch/bmad-testarch-trace/steps-c/step-04-analyze-gaps.md","9868acb14310112f7cf83feb8aad990893872693faf6a99231a6379e7d9431ea"
"md","step-04-coverage-plan","tea","tea/workflows/testarch/bmad-testarch-test-design/steps-c/step-04-coverage-plan.md","48bf23551bd6c91368d650a83c0c90da94b7f610a89d58264d325d210e8ef74d"
"md","step-04-docs-and-scripts","tea","tea/workflows/testarch/bmad-testarch-framework/steps-c/step-04-docs-and-scripts.md","fda65ca12ba1c90f16dbe74ebb109fd60757c350b682b183b4460136d34a012a"
"md","step-04-evaluate-and-score","tea","tea/workflows/testarch/bmad-testarch-nfr/steps-c/step-04-evaluate-and-score.md","93fb8e8f33e8b9bf067b87e235647c194ebba4f5f953528f2f69bfef57f16260"
"md","step-04-generate-report","tea","tea/workflows/testarch/bmad-testarch-test-review/steps-c/step-04-generate-report.md","1825b56cfc2c5672ec0e0448a5eec4cb828cfae2bb48f737f3abb4e40dbf3709"
"md","step-04-generate-tests","tea","tea/workflows/testarch/bmad-testarch-atdd/steps-c/step-04-generate-tests.md","b26f1a97f5b39bf22b60b0da4de22cb20e0a45d302043968e32ebfa24c3ef09c"
"md","step-04-session-01","tea","tea/workflows/testarch/bmad-teach-me-testing/steps-c/step-04-session-01.md","a0f5f93354f01440ecedb513924acebd9ee679ef59c7c10c4ab3d885cf50b5ce"
"md","step-04-session-02","tea","tea/workflows/testarch/bmad-teach-me-testing/steps-c/step-04-session-02.md","227e62cf1686a9f01c22e39e1053ec188eceb581c7367df1725d959f0d6f5e11"
"md","step-04-session-03","tea","tea/workflows/testarch/bmad-teach-me-testing/steps-c/step-04-session-03.md","9c62152a4fb83c2e7ec1c9769a201453f97a7a402a0293dd5893886e7aea35c0"
"md","step-04-session-04","tea","tea/workflows/testarch/bmad-teach-me-testing/steps-c/step-04-session-04.md","f310e8d747bdb46c759a373cc2158585ebe2a6056ac15d391d929a0511efc8a1"
"md","step-04-session-05","tea","tea/workflows/testarch/bmad-teach-me-testing/steps-c/step-04-session-05.md","9ba50708f76345d3b6be2eb12f5660ba7f03cfee80032c055f6c78cb3c4bfae2"
"md","step-04-session-06","tea","tea/workflows/testarch/bmad-teach-me-testing/steps-c/step-04-session-06.md","08a615ac90822c0b00dcb65f1a503b9d38a31a93121f9c1a468287d69b7c34fe"
"md","step-04-session-07","tea","tea/workflows/testarch/bmad-teach-me-testing/steps-c/step-04-session-07.md","795e33d8dac87fecf95ed9905bdabd975ff9f11f07f3fb7ea8da827a20c9cbf8"
"md","step-04-validate-and-summarize","tea","tea/workflows/testarch/bmad-testarch-automate/steps-c/step-04-validate-and-summarize.md","e95cf484ea9c958d8e5362e96f8ccdb3d3468067399ca856ecedf01d68b9ac71"
"md","step-04-validate-and-summary","tea","tea/workflows/testarch/bmad-testarch-ci/steps-c/step-04-validate-and-summary.md","c9d29ef979c4311f49338e2d8d83490957f4b9dbbbfb7f52b01fad8408912aec"
"md","step-04a-subagent-api-failing","tea","tea/workflows/testarch/bmad-testarch-atdd/steps-c/step-04a-subagent-api-failing.md","08a4de2937d12e75a28444806534b3338eae108fc68fea490fc51c79982ab4be"
"md","step-04a-subagent-security","tea","tea/workflows/testarch/bmad-testarch-nfr/steps-c/step-04a-subagent-security.md","f228e0747c5238ca4da4e3b6a2f98d74285288e33261e463df859074624276c4"
"md","step-04b-subagent-e2e-failing","tea","tea/workflows/testarch/bmad-testarch-atdd/steps-c/step-04b-subagent-e2e-failing.md","cf8cfc0c9daf9f94f6d0832655c135ed02d51b564364f5b8bb9ef2ccf68fc318"
"md","step-04b-subagent-performance","tea","tea/workflows/testarch/bmad-testarch-nfr/steps-c/step-04b-subagent-performance.md","a69bb7f05c1d63fde99f4d8fc959ac828bffd1f77b311a3f808a7d9d57aa9c57"
"md","step-04c-aggregate","tea","tea/workflows/testarch/bmad-testarch-atdd/steps-c/step-04c-aggregate.md","357d40056a335b630c6995a2a85d17fb697d45302a539dfcb6bedcbda4f7416d"
"md","step-04c-subagent-reliability","tea","tea/workflows/testarch/bmad-testarch-nfr/steps-c/step-04c-subagent-reliability.md","d3c0b61ef022139e4386d71b2e95924491f1bbd228e2df69504825aeee1d5eb5"
"md","step-04d-subagent-maintainability","tea","tea/workflows/testarch/bmad-testarch-nfr/steps-c/step-04d-subagent-maintainability.md","0bad3b353d26d228dbcb510f2c97f8307d98a8d4c40162d1804ad3c406e5c165"
"md","step-04e-aggregate-nfr","tea","tea/workflows/testarch/bmad-testarch-nfr/steps-c/step-04e-aggregate-nfr.md","eb200193def17afc6bf702bab89aa9101c6176f3db5df415a1c7f854a466ae64"
"md","step-05-completion","tea","tea/workflows/testarch/bmad-teach-me-testing/steps-c/step-05-completion.md","b35784b0e869024e4d31140834125e40c80d6f3482d0ad012de132e50afc2021"
"md","step-05-gate-decision","tea","tea/workflows/testarch/bmad-testarch-trace/steps-c/step-05-gate-decision.md","d0ae2cb91ea97d6445d4792e17d1f321a01e3fe0ac96806c607b2c43dab03aeb"
"md","step-05-generate-output","tea","tea/workflows/testarch/bmad-testarch-test-design/steps-c/step-05-generate-output.md","8407b79c600af4c68677ecaad84480bfa55068a021403137a5d30d41f67bc74c"
"md","step-05-generate-report","tea","tea/workflows/testarch/bmad-testarch-nfr/steps-c/step-05-generate-report.md","f0262ec72e66f976c34dcf521a3683a4f799672545381355994c6da31b7bd79c"
"md","step-05-validate-and-complete","tea","tea/workflows/testarch/bmad-testarch-atdd/steps-c/step-05-validate-and-complete.md","2fa7e0aa5097c27be607ede03f177f96f1b102384af0a95421829a84894953a3"
"md","step-05-validate-and-summary","tea","tea/workflows/testarch/bmad-testarch-framework/steps-c/step-05-validate-and-summary.md","c857746f3511a2508176d2f40c35ad40bb314d7de33388a734435633f126b76a"
"md","step-e-01-assess-workflow","tea","tea/workflows/testarch/bmad-teach-me-testing/steps-e/step-e-01-assess-workflow.md","e432c582add7ed7726693d3ad6c07861ab76f9d57a0b11a59c9d223f62d14b16"
"md","step-e-02-apply-edits","tea","tea/workflows/testarch/bmad-teach-me-testing/steps-e/step-e-02-apply-edits.md","8a602e7be1490b26a9a95022e55158e0244e8e8651df8c2da881e05a03e75c9d"
"md","step-v-01-validate","tea","tea/workflows/testarch/bmad-teach-me-testing/steps-v/step-v-01-validate.md","f89a291ca524cb1f5e6dee7183fd3f18757af040e819031fd35933efc70e4628"
"md","tea-completion-summary.example","tea","tea/workflows/testarch/bmad-teach-me-testing/resources/tea-completion-summary.example.md","85208f7cd2e91c816341c5d1558a248a59b2116ce9be4b76527a10986e3a8973"
"md","test-design-architecture-template","tea","tea/workflows/testarch/bmad-testarch-test-design/test-design-architecture-template.md","2b633e96a182720b389839ffd5ae547322ba0fa1b056920230dbe8defd972899"
"md","test-design-epic-3.example","tea","tea/workflows/testarch/bmad-testarch-test-design/resources/test-design-epic-3.example.md","cdd5cfdf6aff3506b52ce48a313d350499c30db432bf848882981082a0a4ca61"
"md","test-design-handoff-template","tea","tea/workflows/testarch/bmad-testarch-test-design/test-design-handoff-template.md","ce1dd24dd95244e4a511bef74a3a7cb10e5620a3a137195a31608f81ac7e7b1b"
"md","test-design-qa-template","tea","tea/workflows/testarch/bmad-testarch-test-design/test-design-qa-template.md","9de161761ee2acb1ec23dbcd133c621645d8dda5c370915f6105ac0c48489bfe"
"md","test-design-template","tea","tea/workflows/testarch/bmad-testarch-test-design/test-design-template.md","4fd32d51f2881f6d350757cd3b81bf6d79b88654bf2c619d226e766dc9c45fa2"
"md","test-healing-patterns","tea","tea/agents/bmad-tea/resources/knowledge/test-healing-patterns.md","b44f7db1ebb1c20ca4ef02d12cae95f692876aee02689605d4b15fe728d28fdf"
"md","test-healing-patterns","tea","tea/workflows/testarch/bmad-testarch-atdd/resources/knowledge/test-healing-patterns.md","b44f7db1ebb1c20ca4ef02d12cae95f692876aee02689605d4b15fe728d28fdf"
"md","test-healing-patterns","tea","tea/workflows/testarch/bmad-testarch-automate/resources/knowledge/test-healing-patterns.md","b44f7db1ebb1c20ca4ef02d12cae95f692876aee02689605d4b15fe728d28fdf"
"md","test-healing-patterns","tea","tea/workflows/testarch/bmad-testarch-ci/resources/knowledge/test-healing-patterns.md","b44f7db1ebb1c20ca4ef02d12cae95f692876aee02689605d4b15fe728d28fdf"
"md","test-healing-patterns","tea","tea/workflows/testarch/bmad-testarch-framework/resources/knowledge/test-healing-patterns.md","b44f7db1ebb1c20ca4ef02d12cae95f692876aee02689605d4b15fe728d28fdf"
"md","test-healing-patterns","tea","tea/workflows/testarch/bmad-testarch-nfr/resources/knowledge/test-healing-patterns.md","b44f7db1ebb1c20ca4ef02d12cae95f692876aee02689605d4b15fe728d28fdf"
"md","test-healing-patterns","tea","tea/workflows/testarch/bmad-testarch-test-design/resources/knowledge/test-healing-patterns.md","b44f7db1ebb1c20ca4ef02d12cae95f692876aee02689605d4b15fe728d28fdf"
"md","test-healing-patterns","tea","tea/workflows/testarch/bmad-testarch-test-review/resources/knowledge/test-healing-patterns.md","b44f7db1ebb1c20ca4ef02d12cae95f692876aee02689605d4b15fe728d28fdf"
"md","test-healing-patterns","tea","tea/workflows/testarch/bmad-testarch-trace/resources/knowledge/test-healing-patterns.md","b44f7db1ebb1c20ca4ef02d12cae95f692876aee02689605d4b15fe728d28fdf"
"md","test-levels-framework","tea","tea/agents/bmad-tea/resources/knowledge/test-levels-framework.md","80bbac7959a47a2e7e7de82613296f906954d571d2d64ece13381c1a0b480237"
"md","test-levels-framework","tea","tea/workflows/testarch/bmad-testarch-atdd/resources/knowledge/test-levels-framework.md","80bbac7959a47a2e7e7de82613296f906954d571d2d64ece13381c1a0b480237"
"md","test-levels-framework","tea","tea/workflows/testarch/bmad-testarch-automate/resources/knowledge/test-levels-framework.md","80bbac7959a47a2e7e7de82613296f906954d571d2d64ece13381c1a0b480237"
"md","test-levels-framework","tea","tea/workflows/testarch/bmad-testarch-ci/resources/knowledge/test-levels-framework.md","80bbac7959a47a2e7e7de82613296f906954d571d2d64ece13381c1a0b480237"
"md","test-levels-framework","tea","tea/workflows/testarch/bmad-testarch-framework/resources/knowledge/test-levels-framework.md","80bbac7959a47a2e7e7de82613296f906954d571d2d64ece13381c1a0b480237"
"md","test-levels-framework","tea","tea/workflows/testarch/bmad-testarch-nfr/resources/knowledge/test-levels-framework.md","80bbac7959a47a2e7e7de82613296f906954d571d2d64ece13381c1a0b480237"
"md","test-levels-framework","tea","tea/workflows/testarch/bmad-testarch-test-design/resources/knowledge/test-levels-framework.md","80bbac7959a47a2e7e7de82613296f906954d571d2d64ece13381c1a0b480237"
"md","test-levels-framework","tea","tea/workflows/testarch/bmad-testarch-test-review/resources/knowledge/test-levels-framework.md","80bbac7959a47a2e7e7de82613296f906954d571d2d64ece13381c1a0b480237"
"md","test-levels-framework","tea","tea/workflows/testarch/bmad-testarch-trace/resources/knowledge/test-levels-framework.md","80bbac7959a47a2e7e7de82613296f906954d571d2d64ece13381c1a0b480237"
"md","test-priorities-matrix","tea","tea/agents/bmad-tea/resources/knowledge/test-priorities-matrix.md","69d8a0d4a717077dec08799630dfcd790342c86ff52dc43a31c5cdbcd03099a9"
"md","test-priorities-matrix","tea","tea/workflows/testarch/bmad-testarch-atdd/resources/knowledge/test-priorities-matrix.md","69d8a0d4a717077dec08799630dfcd790342c86ff52dc43a31c5cdbcd03099a9"
"md","test-priorities-matrix","tea","tea/workflows/testarch/bmad-testarch-automate/resources/knowledge/test-priorities-matrix.md","69d8a0d4a717077dec08799630dfcd790342c86ff52dc43a31c5cdbcd03099a9"
"md","test-priorities-matrix","tea","tea/workflows/testarch/bmad-testarch-ci/resources/knowledge/test-priorities-matrix.md","69d8a0d4a717077dec08799630dfcd790342c86ff52dc43a31c5cdbcd03099a9"
"md","test-priorities-matrix","tea","tea/workflows/testarch/bmad-testarch-framework/resources/knowledge/test-priorities-matrix.md","69d8a0d4a717077dec08799630dfcd790342c86ff52dc43a31c5cdbcd03099a9"
"md","test-priorities-matrix","tea","tea/workflows/testarch/bmad-testarch-nfr/resources/knowledge/test-priorities-matrix.md","69d8a0d4a717077dec08799630dfcd790342c86ff52dc43a31c5cdbcd03099a9"
"md","test-priorities-matrix","tea","tea/workflows/testarch/bmad-testarch-test-design/resources/knowledge/test-priorities-matrix.md","69d8a0d4a717077dec08799630dfcd790342c86ff52dc43a31c5cdbcd03099a9"
"md","test-priorities-matrix","tea","tea/workflows/testarch/bmad-testarch-test-review/resources/knowledge/test-priorities-matrix.md","69d8a0d4a717077dec08799630dfcd790342c86ff52dc43a31c5cdbcd03099a9"
"md","test-priorities-matrix","tea","tea/workflows/testarch/bmad-testarch-trace/resources/knowledge/test-priorities-matrix.md","69d8a0d4a717077dec08799630dfcd790342c86ff52dc43a31c5cdbcd03099a9"
"md","test-quality","tea","tea/agents/bmad-tea/resources/knowledge/test-quality.md","de2d9acf85e4d4576faa7e9ce2a582c32f93d041bb1a8b5417f9a710c59089c6"
"md","test-quality","tea","tea/workflows/testarch/bmad-testarch-atdd/resources/knowledge/test-quality.md","de2d9acf85e4d4576faa7e9ce2a582c32f93d041bb1a8b5417f9a710c59089c6"
"md","test-quality","tea","tea/workflows/testarch/bmad-testarch-automate/resources/knowledge/test-quality.md","de2d9acf85e4d4576faa7e9ce2a582c32f93d041bb1a8b5417f9a710c59089c6"
"md","test-quality","tea","tea/workflows/testarch/bmad-testarch-ci/resources/knowledge/test-quality.md","de2d9acf85e4d4576faa7e9ce2a582c32f93d041bb1a8b5417f9a710c59089c6"
"md","test-quality","tea","tea/workflows/testarch/bmad-testarch-framework/resources/knowledge/test-quality.md","de2d9acf85e4d4576faa7e9ce2a582c32f93d041bb1a8b5417f9a710c59089c6"
"md","test-quality","tea","tea/workflows/testarch/bmad-testarch-nfr/resources/knowledge/test-quality.md","de2d9acf85e4d4576faa7e9ce2a582c32f93d041bb1a8b5417f9a710c59089c6"
"md","test-quality","tea","tea/workflows/testarch/bmad-testarch-test-design/resources/knowledge/test-quality.md","de2d9acf85e4d4576faa7e9ce2a582c32f93d041bb1a8b5417f9a710c59089c6"
"md","test-quality","tea","tea/workflows/testarch/bmad-testarch-test-review/resources/knowledge/test-quality.md","de2d9acf85e4d4576faa7e9ce2a582c32f93d041bb1a8b5417f9a710c59089c6"
"md","test-quality","tea","tea/workflows/testarch/bmad-testarch-trace/resources/knowledge/test-quality.md","de2d9acf85e4d4576faa7e9ce2a582c32f93d041bb1a8b5417f9a710c59089c6"
"md","test-review-template","tea","tea/workflows/testarch/bmad-testarch-test-review/test-review-template.md","4eb29ae279090c1078487be3750100738c7f48d068847267a2bf6e8b8c0e1c43"
"md","test-review.example","tea","tea/workflows/testarch/bmad-testarch-test-review/resources/test-review.example.md","1e06761662f26c1d0b0fbd0a7871fe70369bd9b8d53e143bc7eab59df0dccad9"
"md","timing-debugging","tea","tea/agents/bmad-tea/resources/knowledge/timing-debugging.md","c975dcdc0382eef9bed4c2359f808481b8cb8402d9bc6e327ec5b40e26f5e381"
"md","timing-debugging","tea","tea/workflows/testarch/bmad-testarch-atdd/resources/knowledge/timing-debugging.md","c975dcdc0382eef9bed4c2359f808481b8cb8402d9bc6e327ec5b40e26f5e381"
"md","timing-debugging","tea","tea/workflows/testarch/bmad-testarch-automate/resources/knowledge/timing-debugging.md","c975dcdc0382eef9bed4c2359f808481b8cb8402d9bc6e327ec5b40e26f5e381"
"md","timing-debugging","tea","tea/workflows/testarch/bmad-testarch-ci/resources/knowledge/timing-debugging.md","c975dcdc0382eef9bed4c2359f808481b8cb8402d9bc6e327ec5b40e26f5e381"
"md","timing-debugging","tea","tea/workflows/testarch/bmad-testarch-framework/resources/knowledge/timing-debugging.md","c975dcdc0382eef9bed4c2359f808481b8cb8402d9bc6e327ec5b40e26f5e381"
"md","timing-debugging","tea","tea/workflows/testarch/bmad-testarch-nfr/resources/knowledge/timing-debugging.md","c975dcdc0382eef9bed4c2359f808481b8cb8402d9bc6e327ec5b40e26f5e381"
"md","timing-debugging","tea","tea/workflows/testarch/bmad-testarch-test-design/resources/knowledge/timing-debugging.md","c975dcdc0382eef9bed4c2359f808481b8cb8402d9bc6e327ec5b40e26f5e381"
"md","timing-debugging","tea","tea/workflows/testarch/bmad-testarch-test-review/resources/knowledge/timing-debugging.md","c975dcdc0382eef9bed4c2359f808481b8cb8402d9bc6e327ec5b40e26f5e381"
"md","timing-debugging","tea","tea/workflows/testarch/bmad-testarch-trace/resources/knowledge/timing-debugging.md","c975dcdc0382eef9bed4c2359f808481b8cb8402d9bc6e327ec5b40e26f5e381"
"md","trace-template","tea","tea/workflows/testarch/bmad-testarch-trace/trace-template.md","acbb5540d1b9896dbe0ad858cf426ad5ae819d6b6abe8d7076a8f281183510ce"
"md","traceability-matrix.example","tea","tea/workflows/testarch/bmad-testarch-trace/resources/traceability-matrix.example.md","9d9bd035464b75a820d399082984fe9059ac8999b8b6d4faba545f9c234cb9eb"
"md","visual-debugging","tea","tea/agents/bmad-tea/resources/knowledge/visual-debugging.md","f1a7db59553aee691550e2c62ca15348a2703dea738b76cd38e22cfcfe2bf7c8"
"md","visual-debugging","tea","tea/workflows/testarch/bmad-testarch-atdd/resources/knowledge/visual-debugging.md","f1a7db59553aee691550e2c62ca15348a2703dea738b76cd38e22cfcfe2bf7c8"
"md","visual-debugging","tea","tea/workflows/testarch/bmad-testarch-automate/resources/knowledge/visual-debugging.md","f1a7db59553aee691550e2c62ca15348a2703dea738b76cd38e22cfcfe2bf7c8"
"md","visual-debugging","tea","tea/workflows/testarch/bmad-testarch-ci/resources/knowledge/visual-debugging.md","f1a7db59553aee691550e2c62ca15348a2703dea738b76cd38e22cfcfe2bf7c8"
"md","visual-debugging","tea","tea/workflows/testarch/bmad-testarch-framework/resources/knowledge/visual-debugging.md","f1a7db59553aee691550e2c62ca15348a2703dea738b76cd38e22cfcfe2bf7c8"
"md","visual-debugging","tea","tea/workflows/testarch/bmad-testarch-nfr/resources/knowledge/visual-debugging.md","f1a7db59553aee691550e2c62ca15348a2703dea738b76cd38e22cfcfe2bf7c8"
"md","visual-debugging","tea","tea/workflows/testarch/bmad-testarch-test-design/resources/knowledge/visual-debugging.md","f1a7db59553aee691550e2c62ca15348a2703dea738b76cd38e22cfcfe2bf7c8"
"md","visual-debugging","tea","tea/workflows/testarch/bmad-testarch-test-review/resources/knowledge/visual-debugging.md","f1a7db59553aee691550e2c62ca15348a2703dea738b76cd38e22cfcfe2bf7c8"
"md","visual-debugging","tea","tea/workflows/testarch/bmad-testarch-trace/resources/knowledge/visual-debugging.md","f1a7db59553aee691550e2c62ca15348a2703dea738b76cd38e22cfcfe2bf7c8"
"md","webhook-module-setup","tea","tea/agents/bmad-tea/resources/knowledge/webhook-module-setup.md","87dd6d7eb4dfd45691ccbb876a0bdf0b8a8b8622351be7539b8fb80504068048"
"md","webhook-module-setup","tea","tea/workflows/testarch/bmad-testarch-atdd/resources/knowledge/webhook-module-setup.md","87dd6d7eb4dfd45691ccbb876a0bdf0b8a8b8622351be7539b8fb80504068048"
"md","webhook-module-setup","tea","tea/workflows/testarch/bmad-testarch-automate/resources/knowledge/webhook-module-setup.md","87dd6d7eb4dfd45691ccbb876a0bdf0b8a8b8622351be7539b8fb80504068048"
"md","webhook-module-setup","tea","tea/workflows/testarch/bmad-testarch-ci/resources/knowledge/webhook-module-setup.md","87dd6d7eb4dfd45691ccbb876a0bdf0b8a8b8622351be7539b8fb80504068048"
"md","webhook-module-setup","tea","tea/workflows/testarch/bmad-testarch-framework/resources/knowledge/webhook-module-setup.md","87dd6d7eb4dfd45691ccbb876a0bdf0b8a8b8622351be7539b8fb80504068048"
"md","webhook-module-setup","tea","tea/workflows/testarch/bmad-testarch-nfr/resources/knowledge/webhook-module-setup.md","87dd6d7eb4dfd45691ccbb876a0bdf0b8a8b8622351be7539b8fb80504068048"
"md","webhook-module-setup","tea","tea/workflows/testarch/bmad-testarch-test-design/resources/knowledge/webhook-module-setup.md","87dd6d7eb4dfd45691ccbb876a0bdf0b8a8b8622351be7539b8fb80504068048"
"md","webhook-module-setup","tea","tea/workflows/testarch/bmad-testarch-test-review/resources/knowledge/webhook-module-setup.md","87dd6d7eb4dfd45691ccbb876a0bdf0b8a8b8622351be7539b8fb80504068048"
"md","webhook-module-setup","tea","tea/workflows/testarch/bmad-testarch-trace/resources/knowledge/webhook-module-setup.md","87dd6d7eb4dfd45691ccbb876a0bdf0b8a8b8622351be7539b8fb80504068048"
"md","webhook-providers","tea","tea/agents/bmad-tea/resources/knowledge/webhook-providers.md","a71ba2c09c45541d4d262c4db85fb9b2aeb021bb09779c65454a5ed3bd546c63"
"md","webhook-providers","tea","tea/workflows/testarch/bmad-testarch-atdd/resources/knowledge/webhook-providers.md","a71ba2c09c45541d4d262c4db85fb9b2aeb021bb09779c65454a5ed3bd546c63"
"md","webhook-providers","tea","tea/workflows/testarch/bmad-testarch-automate/resources/knowledge/webhook-providers.md","a71ba2c09c45541d4d262c4db85fb9b2aeb021bb09779c65454a5ed3bd546c63"
"md","webhook-providers","tea","tea/workflows/testarch/bmad-testarch-ci/resources/knowledge/webhook-providers.md","a71ba2c09c45541d4d262c4db85fb9b2aeb021bb09779c65454a5ed3bd546c63"
"md","webhook-providers","tea","tea/workflows/testarch/bmad-testarch-framework/resources/knowledge/webhook-providers.md","a71ba2c09c45541d4d262c4db85fb9b2aeb021bb09779c65454a5ed3bd546c63"
"md","webhook-providers","tea","tea/workflows/testarch/bmad-testarch-nfr/resources/knowledge/webhook-providers.md","a71ba2c09c45541d4d262c4db85fb9b2aeb021bb09779c65454a5ed3bd546c63"
"md","webhook-providers","tea","tea/workflows/testarch/bmad-testarch-test-design/resources/knowledge/webhook-providers.md","a71ba2c09c45541d4d262c4db85fb9b2aeb021bb09779c65454a5ed3bd546c63"
"md","webhook-providers","tea","tea/workflows/testarch/bmad-testarch-test-review/resources/knowledge/webhook-providers.md","a71ba2c09c45541d4d262c4db85fb9b2aeb021bb09779c65454a5ed3bd546c63"
"md","webhook-providers","tea","tea/workflows/testarch/bmad-testarch-trace/resources/knowledge/webhook-providers.md","a71ba2c09c45541d4d262c4db85fb9b2aeb021bb09779c65454a5ed3bd546c63"
"md","webhook-risk-guidance","tea","tea/agents/bmad-tea/resources/knowledge/webhook-risk-guidance.md","8bd40218b2427c18212afa3f5bbc8ce251f4385ca2ae2ac62e6a907fa342200e"
"md","webhook-risk-guidance","tea","tea/workflows/testarch/bmad-testarch-atdd/resources/knowledge/webhook-risk-guidance.md","8bd40218b2427c18212afa3f5bbc8ce251f4385ca2ae2ac62e6a907fa342200e"
"md","webhook-risk-guidance","tea","tea/workflows/testarch/bmad-testarch-automate/resources/knowledge/webhook-risk-guidance.md","8bd40218b2427c18212afa3f5bbc8ce251f4385ca2ae2ac62e6a907fa342200e"
"md","webhook-risk-guidance","tea","tea/workflows/testarch/bmad-testarch-ci/resources/knowledge/webhook-risk-guidance.md","8bd40218b2427c18212afa3f5bbc8ce251f4385ca2ae2ac62e6a907fa342200e"
"md","webhook-risk-guidance","tea","tea/workflows/testarch/bmad-testarch-framework/resources/knowledge/webhook-risk-guidance.md","8bd40218b2427c18212afa3f5bbc8ce251f4385ca2ae2ac62e6a907fa342200e"
"md","webhook-risk-guidance","tea","tea/workflows/testarch/bmad-testarch-nfr/resources/knowledge/webhook-risk-guidance.md","8bd40218b2427c18212afa3f5bbc8ce251f4385ca2ae2ac62e6a907fa342200e"
"md","webhook-risk-guidance","tea","tea/workflows/testarch/bmad-testarch-test-design/resources/knowledge/webhook-risk-guidance.md","8bd40218b2427c18212afa3f5bbc8ce251f4385ca2ae2ac62e6a907fa342200e"
"md","webhook-risk-guidance","tea","tea/workflows/testarch/bmad-testarch-test-review/resources/knowledge/webhook-risk-guidance.md","8bd40218b2427c18212afa3f5bbc8ce251f4385ca2ae2ac62e6a907fa342200e"
"md","webhook-risk-guidance","tea","tea/workflows/testarch/bmad-testarch-trace/resources/knowledge/webhook-risk-guidance.md","8bd40218b2427c18212afa3f5bbc8ce251f4385ca2ae2ac62e6a907fa342200e"
"md","webhook-template-matchers","tea","tea/agents/bmad-tea/resources/knowledge/webhook-template-matchers.md","abf92e617b194199439c60fafe68cb0481b48e9ef09f69c01c8a424429a6009f"
"md","webhook-template-matchers","tea","tea/workflows/testarch/bmad-testarch-atdd/resources/knowledge/webhook-template-matchers.md","abf92e617b194199439c60fafe68cb0481b48e9ef09f69c01c8a424429a6009f"
"md","webhook-template-matchers","tea","tea/workflows/testarch/bmad-testarch-automate/resources/knowledge/webhook-template-matchers.md","abf92e617b194199439c60fafe68cb0481b48e9ef09f69c01c8a424429a6009f"
"md","webhook-template-matchers","tea","tea/workflows/testarch/bmad-testarch-ci/resources/knowledge/webhook-template-matchers.md","abf92e617b194199439c60fafe68cb0481b48e9ef09f69c01c8a424429a6009f"
"md","webhook-template-matchers","tea","tea/workflows/testarch/bmad-testarch-framework/resources/knowledge/webhook-template-matchers.md","abf92e617b194199439c60fafe68cb0481b48e9ef09f69c01c8a424429a6009f"
"md","webhook-template-matchers","tea","tea/workflows/testarch/bmad-testarch-nfr/resources/knowledge/webhook-template-matchers.md","abf92e617b194199439c60fafe68cb0481b48e9ef09f69c01c8a424429a6009f"
"md","webhook-template-matchers","tea","tea/workflows/testarch/bmad-testarch-test-design/resources/knowledge/webhook-template-matchers.md","abf92e617b194199439c60fafe68cb0481b48e9ef09f69c01c8a424429a6009f"
"md","webhook-template-matchers","tea","tea/workflows/testarch/bmad-testarch-test-review/resources/knowledge/webhook-template-matchers.md","abf92e617b194199439c60fafe68cb0481b48e9ef09f69c01c8a424429a6009f"
"md","webhook-template-matchers","tea","tea/workflows/testarch/bmad-testarch-trace/resources/knowledge/webhook-template-matchers.md","abf92e617b194199439c60fafe68cb0481b48e9ef09f69c01c8a424429a6009f"
"md","webhook-testing-fundamentals","tea","tea/agents/bmad-tea/resources/knowledge/webhook-testing-fundamentals.md","cc1778b9aa95cb6fe00cfbb2115a2238636f71513cf159b7c02cbb3e091541c3"
"md","webhook-testing-fundamentals","tea","tea/workflows/testarch/bmad-testarch-atdd/resources/knowledge/webhook-testing-fundamentals.md","cc1778b9aa95cb6fe00cfbb2115a2238636f71513cf159b7c02cbb3e091541c3"
"md","webhook-testing-fundamentals","tea","tea/workflows/testarch/bmad-testarch-automate/resources/knowledge/webhook-testing-fundamentals.md","cc1778b9aa95cb6fe00cfbb2115a2238636f71513cf159b7c02cbb3e091541c3"
"md","webhook-testing-fundamentals","tea","tea/workflows/testarch/bmad-testarch-ci/resources/knowledge/webhook-testing-fundamentals.md","cc1778b9aa95cb6fe00cfbb2115a2238636f71513cf159b7c02cbb3e091541c3"
"md","webhook-testing-fundamentals","tea","tea/workflows/testarch/bmad-testarch-framework/resources/knowledge/webhook-testing-fundamentals.md","cc1778b9aa95cb6fe00cfbb2115a2238636f71513cf159b7c02cbb3e091541c3"
"md","webhook-testing-fundamentals","tea","tea/workflows/testarch/bmad-testarch-nfr/resources/knowledge/webhook-testing-fundamentals.md","cc1778b9aa95cb6fe00cfbb2115a2238636f71513cf159b7c02cbb3e091541c3"
"md","webhook-testing-fundamentals","tea","tea/workflows/testarch/bmad-testarch-test-design/resources/knowledge/webhook-testing-fundamentals.md","cc1778b9aa95cb6fe00cfbb2115a2238636f71513cf159b7c02cbb3e091541c3"
"md","webhook-testing-fundamentals","tea","tea/workflows/testarch/bmad-testarch-test-review/resources/knowledge/webhook-testing-fundamentals.md","cc1778b9aa95cb6fe00cfbb2115a2238636f71513cf159b7c02cbb3e091541c3"
"md","webhook-testing-fundamentals","tea","tea/workflows/testarch/bmad-testarch-trace/resources/knowledge/webhook-testing-fundamentals.md","cc1778b9aa95cb6fe00cfbb2115a2238636f71513cf159b7c02cbb3e091541c3"
"md","webhook-timeout-error","tea","tea/agents/bmad-tea/resources/knowledge/webhook-timeout-error.md","21500487fccc694ac1194dd144e13f6fd9f2585f65b32202f0b3d7b1cdc3b607"
"md","webhook-timeout-error","tea","tea/workflows/testarch/bmad-testarch-atdd/resources/knowledge/webhook-timeout-error.md","21500487fccc694ac1194dd144e13f6fd9f2585f65b32202f0b3d7b1cdc3b607"
"md","webhook-timeout-error","tea","tea/workflows/testarch/bmad-testarch-automate/resources/knowledge/webhook-timeout-error.md","21500487fccc694ac1194dd144e13f6fd9f2585f65b32202f0b3d7b1cdc3b607"
"md","webhook-timeout-error","tea","tea/workflows/testarch/bmad-testarch-ci/resources/knowledge/webhook-timeout-error.md","21500487fccc694ac1194dd144e13f6fd9f2585f65b32202f0b3d7b1cdc3b607"
"md","webhook-timeout-error","tea","tea/workflows/testarch/bmad-testarch-framework/resources/knowledge/webhook-timeout-error.md","21500487fccc694ac1194dd144e13f6fd9f2585f65b32202f0b3d7b1cdc3b607"
"md","webhook-timeout-error","tea","tea/workflows/testarch/bmad-testarch-nfr/resources/knowledge/webhook-timeout-error.md","21500487fccc694ac1194dd144e13f6fd9f2585f65b32202f0b3d7b1cdc3b607"
"md","webhook-timeout-error","tea","tea/workflows/testarch/bmad-testarch-test-design/resources/knowledge/webhook-timeout-error.md","21500487fccc694ac1194dd144e13f6fd9f2585f65b32202f0b3d7b1cdc3b607"
"md","webhook-timeout-error","tea","tea/workflows/testarch/bmad-testarch-test-review/resources/knowledge/webhook-timeout-error.md","21500487fccc694ac1194dd144e13f6fd9f2585f65b32202f0b3d7b1cdc3b607"
"md","webhook-timeout-error","tea","tea/workflows/testarch/bmad-testarch-trace/resources/knowledge/webhook-timeout-error.md","21500487fccc694ac1194dd144e13f6fd9f2585f65b32202f0b3d7b1cdc3b607"
"md","webhook-waiting-querying","tea","tea/agents/bmad-tea/resources/knowledge/webhook-waiting-querying.md","d914f3cfa9b3cfbd94fd0d3d057a7b578764cf37cdfc1b29278e03c88c3b06c5"
"md","webhook-waiting-querying","tea","tea/workflows/testarch/bmad-testarch-atdd/resources/knowledge/webhook-waiting-querying.md","d914f3cfa9b3cfbd94fd0d3d057a7b578764cf37cdfc1b29278e03c88c3b06c5"
"md","webhook-waiting-querying","tea","tea/workflows/testarch/bmad-testarch-automate/resources/knowledge/webhook-waiting-querying.md","d914f3cfa9b3cfbd94fd0d3d057a7b578764cf37cdfc1b29278e03c88c3b06c5"
"md","webhook-waiting-querying","tea","tea/workflows/testarch/bmad-testarch-ci/resources/knowledge/webhook-waiting-querying.md","d914f3cfa9b3cfbd94fd0d3d057a7b578764cf37cdfc1b29278e03c88c3b06c5"
"md","webhook-waiting-querying","tea","tea/workflows/testarch/bmad-testarch-framework/resources/knowledge/webhook-waiting-querying.md","d914f3cfa9b3cfbd94fd0d3d057a7b578764cf37cdfc1b29278e03c88c3b06c5"
"md","webhook-waiting-querying","tea","tea/workflows/testarch/bmad-testarch-nfr/resources/knowledge/webhook-waiting-querying.md","d914f3cfa9b3cfbd94fd0d3d057a7b578764cf37cdfc1b29278e03c88c3b06c5"
"md","webhook-waiting-querying","tea","tea/workflows/testarch/bmad-testarch-test-design/resources/knowledge/webhook-waiting-querying.md","d914f3cfa9b3cfbd94fd0d3d057a7b578764cf37cdfc1b29278e03c88c3b06c5"
"md","webhook-waiting-querying","tea","tea/workflows/testarch/bmad-testarch-test-review/resources/knowledge/webhook-waiting-querying.md","d914f3cfa9b3cfbd94fd0d3d057a7b578764cf37cdfc1b29278e03c88c3b06c5"
"md","webhook-waiting-querying","tea","tea/workflows/testarch/bmad-testarch-trace/resources/knowledge/webhook-waiting-querying.md","d914f3cfa9b3cfbd94fd0d3d057a7b578764cf37cdfc1b29278e03c88c3b06c5"
"toml","customize","tea","tea/agents/bmad-tea/customize.toml","ebbcf098364c9cb280a48fa839f5c4ba348e48a41e6c7b9cb512995d96846d61"
"toml","customize","tea","tea/workflows/testarch/bmad-teach-me-testing/customize.toml","d7f6daa98a9fa154d69c0f91b6c61acdb8e13408c846ea422c6e308c97f37027"
"toml","customize","tea","tea/workflows/testarch/bmad-testarch-atdd/customize.toml","e8d4d160c0327ef93f14e0bf9d3ab3fad5a9f2a9fe5eda7fb5d2ae0f0890b9be"
"toml","customize","tea","tea/workflows/testarch/bmad-testarch-automate/customize.toml","7bb315113d3c28c8264d62f1c2e6e9027ed0e0aeba8d4d91cf514c29cb213ee9"
"toml","customize","tea","tea/workflows/testarch/bmad-testarch-ci/customize.toml","d6548d558c1caf91ec99f7f128d41064829962087fe77c4751c19dea057bb39c"
"toml","customize","tea","tea/workflows/testarch/bmad-testarch-framework/customize.toml","c33b2d19cf10355c28e8952bbb00af90e9804b0f1233e0da6df242b1373a453f"
"toml","customize","tea","tea/workflows/testarch/bmad-testarch-nfr/customize.toml","41a3196bbb5c96c0905d146e0901058c2cdcc1f834bafac805c6a21062ceab5b"
"toml","customize","tea","tea/workflows/testarch/bmad-testarch-test-design/customize.toml","1005e632a0a9ac176e99c32c49cf82067df84992f0e1fe7541e594704f1d5732"
"toml","customize","tea","tea/workflows/testarch/bmad-testarch-test-review/customize.toml","23d7e9214d487f057dfcb1bd93f5828b6e7848d5627d661973fb3fbf9ab15762"
"toml","customize","tea","tea/workflows/testarch/bmad-testarch-trace/customize.toml","985fa59f35b208eec5ec0fef8cfba3520d42b76d71e2309332abcd02b18b78ed"
"yaml","azure-pipelines-template","tea","tea/workflows/testarch/bmad-testarch-ci/azure-pipelines-template.yaml","e53405833b819cd70b7226ea624236ff2490659985b0512244303dc9676acb34"
"yaml","config","tea","tea/config.yaml","e12f891ea5ac73fb4a394918aaf47697be99e6b328bb67ce2abd4a8b358ce04d"
"yaml","curriculum","tea","tea/workflows/testarch/bmad-teach-me-testing/data/curriculum.yaml","8c06984ef28c317b454214ecb821a8bda637d4edf49d4f93ce5345231c0f7a67"
"yaml","github-actions-template","tea","tea/workflows/testarch/bmad-testarch-ci/github-actions-template.yaml","dbf33e640d9017650b5eed7af28f8914172a0dcfd04552a0342ef61b459b28c2"
"yaml","gitlab-ci-template","tea","tea/workflows/testarch/bmad-testarch-ci/gitlab-ci-template.yaml","af7d7e50802c1f4cbdfdfc20b0cd8a86ba5cec5b9eaedaec29e4c8aec6049ae6"
"yaml","harness-pipeline-template","tea","tea/workflows/testarch/bmad-testarch-ci/harness-pipeline-template.yaml","243aa43a5139a9bca9e5300070e2efeb97c13f0bb94d166f84b035025d5c4f8d"
"yaml","progress-template","tea","tea/workflows/testarch/bmad-teach-me-testing/templates/progress-template.yaml","1000c7df2fdab3752f2c6af4ef3c72677817666ccd7e795a96e2afae663b9b4d"
"yaml","quiz-questions","tea","tea/workflows/testarch/bmad-teach-me-testing/data/quiz-questions.yaml","42c5e6c8703e22992cfcbbeb23d871054b15257153010efe53bf44dbc1f27b4f"
"yaml","role-paths","tea","tea/workflows/testarch/bmad-teach-me-testing/data/role-paths.yaml","8cf13b5649736b736accf5f99971c9713cf5c3c3d6f0d749fb42f58b3cbcd04b"
"yaml","session-content-map","tea","tea/workflows/testarch/bmad-teach-me-testing/data/session-content-map.yaml","3dc470eb246b8f1582e09d413df66b01970cd2ea012a7b433486bc703a65b260"
"yaml","tea-resources-index","tea","tea/workflows/testarch/bmad-teach-me-testing/data/tea-resources-index.yaml","244c6e09a2971d807ad34ff62dd31341505d8872ef74da6016b3b06355cf87ab"
"yaml","workflow","tea","tea/workflows/testarch/bmad-testarch-atdd/workflow.yaml","7f0ed54ed25cc51e4ecf3dd0e9298613a679982865473d82b81c117342a51a71"
"yaml","workflow","tea","tea/workflows/testarch/bmad-testarch-automate/workflow.yaml","812166a75f88418ecfba92f43e293ce33476275218a6b874f9d3ab3b3eb34a02"
"yaml","workflow","tea","tea/workflows/testarch/bmad-testarch-ci/workflow.yaml","e32ab0b461dc951b66864d701bb27e4ebab959498689bf28fa4838210a120b83"
"yaml","workflow","tea","tea/workflows/testarch/bmad-testarch-framework/workflow.yaml","13f99eb56accb5e8da5f28aabe4041b2a736472f92edd241f3f7ce3294b1f29f"
"yaml","workflow","tea","tea/workflows/testarch/bmad-testarch-nfr/workflow.yaml","2e980a1b8f3e3fc954784fc9750ebd5d1703a6171005116a7c4fb202d664f978"
"yaml","workflow","tea","tea/workflows/testarch/bmad-testarch-test-design/workflow.yaml","28e61166a437ccef0a3e72e8860bdee446d92e2e6dea3e0330b34b52a12c2a0b"
"yaml","workflow","tea","tea/workflows/testarch/bmad-testarch-test-review/workflow.yaml","74fa54b4009c2bd8d538a3ca1a64cb1155812a51c3d6d5c24a16a4c5ab87302b"
"yaml","workflow","tea","tea/workflows/testarch/bmad-testarch-trace/workflow.yaml","d7db4d39bd03cf14b60fba88a0e9f26e485221fae0a9b256271df2e1a37cc2b9"
